applicant_name,jamb_reg_number,utme_score,olevel_math,olevel_english,olevel_subject_1,olevel_grade_1,olevel_subject_2,olevel_grade_2,olevel_subject_3,olevel_grade_3,olevel_avg_score,course_applied,departmental_cutoff,outcome
Aisha Adeyemi,202596001338CF,227,A1,B3,Biology,B2,Chemistry,C5,Further Mathematics,C5,3.8,Medicine,220,QUALIFIED
Emmanuel Anyanwu,202526542351CF,205,C5,C5,Biology,C4,Chemistry,C4,Further Mathematics,B3,3.2,Nursing,180,QUALIFIED
Aisha Adeyemi,202561849593CF,232,A1,C6,Economics,C5,Commerce,C6,Further Mathematics,C5,3.4,Business Admin,170,QUALIFIED
Solomon Eze,202575255341EG,263,C5,C6,Mathematics,F9,Physics,D7,Further Mathematics,D7,2.0,Computer Science,180,REJECTED
Victor Olawale,202503056413FG,201,B2,B3,Biology,F9,Chemistry,C5,Further Mathematics,C4,2.8,Nursing,180,ALTERNATIVE_COURSE
Grace Musa,202588496965EG,201,C5,B3,Biology,D7,Chemistry,C4,Further Mathematics,B3,3.2,Nursing,180,ALTERNATIVE_COURSE
Adaeze Adeleke,202516697848CF,265,C4,A1,Biology,A1,Chemistry,B2,Further Mathematics,C5,4.0,Anatomy,200,QUALIFIED
Adaeze Nwosu,202570482814EG,236,C5,C4,Biology,B3,Chemistry,C5,Further Mathematics,B2,3.4,Medicine,220,QUALIFIED
Funmilayo Abubakar,202570154303CF,193,B3,B2,Biology,E8,Chemistry,E8,Further Mathematics,D7,2.4,Anatomy,200,REJECTED
Chioma Chukwu,202524896383FG,228,C5,C6,Biology,F9,Chemistry,C4,Further Mathematics,B2,2.6,Medicine,220,ALTERNATIVE_COURSE
Grace Adeyemi,202550983930CF,193,F9,C5,Economics,C4,Commerce,C4,Further Mathematics,B2,2.6,Business Admin,170,ALTERNATIVE_COURSE
Chioma Bello,202582997376EG,193,B2,D7,Mathematics,D7,Physics,A1,Further Mathematics,B2,3.4,Computer Science,180,REJECTED
Amaka Okafor,202565133387EG,218,A1,C4,Biology,C4,Chemistry,C4,Further Mathematics,C5,3.4,Medicine,220,BORDERLINE
Aisha Adeyemi,202508013267HJ,143,B2,C4,Economics,D7,Commerce,A1,Further Mathematics,C6,3.4,Business Admin,170,REJECTED
Tunde Eze,202568723430CF,149,D7,D7,Biology,B2,Chemistry,A1,Further Mathematics,B3,3.4,Nursing,180,REJECTED
Kelvin Adeyemi,202521913619EG,190,A1,C4,Mathematics,C4,Physics,D7,Further Mathematics,B2,3.4,Information Technology,170,ALTERNATIVE_COURSE
Ibrahim Ogundele,202553462475CF,174,C5,C4,Mathematics,C4,Physics,C4,Further Mathematics,E8,2.6,Computer Science,180,REJECTED
Daniel Nwosu,202551354278FG,220,C4,F9,Mathematics,F9,Physics,A1,Further Mathematics,B2,2.4,Computer Science,180,REJECTED
Daniel Adeyemi,202518244935EG,178,C5,C4,Mathematics,E8,Physics,B2,Further Mathematics,D7,2.6,Computer Science,180,REJECTED
Daniel Okafor,202505242786CF,160,C4,B3,Literature,D7,Government,A1,Further Mathematics,C5,3.4,Law,200,REJECTED
Peter Chukwu,202526204505EG,261,A1,D7,Biology,D7,Chemistry,C4,Further Mathematics,C6,3.0,Medicine,220,REJECTED
Oluwaseun Nzekwe,202532260256EG,202,C5,B3,Biology,C4,Chemistry,D7,Further Mathematics,F9,2.4,Nursing,180,REJECTED
Ibrahim Olawale,202575433036FG,212,B2,C5,Literature,B3,Government,A1,Further Mathematics,C4,3.8,Law,200,QUALIFIED
Aisha Abubakar,202501429401HJ,160,D7,E8,Literature,B3,Government,C5,Further Mathematics,B3,2.8,Law,200,REJECTED
Peter Bello,202540608835HJ,190,C5,B3,Mathematics,C5,Physics,C4,Further Mathematics,B3,3.4,Information Technology,170,QUALIFIED
Josephine Chukwu,202546564823HJ,213,E8,E8,Biology,C5,Chemistry,C5,Further Mathematics,B2,2.4,Medicine,220,REJECTED
Emmanuel Eze,202543699577HJ,169,C5,D7,Economics,C5,Commerce,B3,Further Mathematics,C4,3.0,Business Admin,170,REJECTED
Josephine Chukwu,202595134332CF,223,C4,C6,Biology,E8,Chemistry,C5,Further Mathematics,C5,2.6,Nursing,180,ALTERNATIVE_COURSE
Peter Bello,202567632016EG,188,B2,C4,Mathematics,C6,Physics,A1,Further Mathematics,C4,3.6,Computer Science,180,QUALIFIED
Amaka Ibrahim,202527889579HJ,199,C6,C5,Biology,C4,Chemistry,C4,Further Mathematics,D7,2.8,Anatomy,200,ALTERNATIVE_COURSE
Daniel Anyanwu,202587347143FG,188,D7,C5,Mathematics,C4,Economics,B3,Further Mathematics,B2,3.2,Accounting,170,ALTERNATIVE_COURSE
Ibrahim Adeyemi,202566587603HJ,274,B3,C4,Mathematics,B2,Physics,B2,Further Mathematics,C5,3.6,Information Technology,170,QUALIFIED
Solomon Ibrahim,202505466889EG,209,D7,C4,Economics,C5,Commerce,D7,Further Mathematics,C6,2.6,Business Admin,170,REJECTED
Solomon Musa,202527298069CF,172,B2,C4,Mathematics,A1,Economics,B3,Further Mathematics,C5,3.8,Accounting,170,QUALIFIED
Ibrahim Ibrahim,202555646417CF,238,C5,B2,Biology,C4,Chemistry,A1,Further Mathematics,B3,3.8,Medicine,220,QUALIFIED
Emmanuel Bello,202530923271EG,167,F9,B3,Mathematics,C5,Physics,C6,Further Mathematics,C5,2.6,Computer Science,180,REJECTED
Amaka Anyanwu,202524190496HJ,217,C5,C6,Mathematics,B2,Economics,C5,Further Mathematics,C5,3.2,Accounting,170,QUALIFIED
Funmilayo Anyanwu,202519058651FG,141,A1,C5,Biology,C5,Chemistry,B2,Further Mathematics,C6,3.6,Nursing,180,REJECTED
Tunde Musa,202526284987HJ,163,C6,C6,Mathematics,B2,Physics,E8,Further Mathematics,C5,2.8,Computer Science,180,REJECTED
Daniel Nzekwe,202573799650HJ,216,C6,C4,Economics,B3,Commerce,B2,Further Mathematics,E8,3.0,Business Admin,170,ALTERNATIVE_COURSE
Daniel Chukwu,202508313678EG,235,B2,B2,Mathematics,C6,Physics,B3,Further Mathematics,D7,3.4,Information Technology,170,ALTERNATIVE_COURSE
Grace Eze,202595788568FG,215,C5,C4,Mathematics,C6,Economics,A1,Further Mathematics,B2,3.6,Accounting,170,QUALIFIED
Amaka Musa,202582337498FG,205,C5,B3,Mathematics,B3,Physics,B2,Further Mathematics,B2,3.8,Information Technology,170,QUALIFIED
Oluwaseun Eze,202500842710FG,199,C6,B3,Biology,B3,Chemistry,B3,Further Mathematics,C5,3.6,Medicine,220,BORDERLINE
Amaka Olawale,202516719022FG,158,C4,B3,Mathematics,E8,Economics,B3,Further Mathematics,D7,2.8,Accounting,170,REJECTED
Grace Anyanwu,202586774964CF,184,F9,B2,Biology,C6,Chemistry,C5,Further Mathematics,C6,2.6,Medicine,220,ALTERNATIVE_COURSE
Fatima Chukwu,202512067974CF,193,E8,B2,Biology,B2,Chemistry,C5,Further Mathematics,B2,3.2,Medicine,220,ALTERNATIVE_COURSE
Daniel Anyanwu,202593618324EG,246,B3,B3,Biology,D7,Chemistry,A1,Further Mathematics,B2,3.8,Nursing,180,ALTERNATIVE_COURSE
Tunde Adeyemi,202574648877CF,222,A1,C6,Biology,C4,Chemistry,C6,Further Mathematics,E8,3.0,Medicine,220,ALTERNATIVE_COURSE
Peter Adeleke,202504902787FG,148,D7,C5,Mathematics,C5,Physics,A1,Further Mathematics,B2,3.4,Computer Science,180,REJECTED
Adaeze Abubakar,202551256746CF,221,F9,C4,Biology,C6,Chemistry,E8,Further Mathematics,C4,2.0,Anatomy,200,REJECTED
Emmanuel Ogundele,202587603859HJ,196,A1,B3,Mathematics,B2,Economics,C6,Further Mathematics,D7,3.6,Accounting,170,ALTERNATIVE_COURSE
Chioma Adeyemi,202509324808HJ,186,C6,B2,Mathematics,C4,Economics,E8,Further Mathematics,C4,2.8,Accounting,170,ALTERNATIVE_COURSE
Oluwaseun Ibrahim,202548467737EG,231,B2,C6,Biology,B2,Chemistry,E8,Further Mathematics,C5,3.0,Medicine,220,ALTERNATIVE_COURSE
Adaeze Abubakar,202584044997EG,246,B2,C4,Economics,C5,Commerce,B2,Further Mathematics,A1,3.8,Business Admin,170,QUALIFIED
Victor Olawale,202533963605HJ,242,C4,B3,Mathematics,C4,Economics,C4,Further Mathematics,C4,3.2,Accounting,170,QUALIFIED
Blessing Nwosu,202589517187CF,180,B3,C5,Economics,C6,Commerce,F9,Further Mathematics,C4,2.6,Business Admin,170,ALTERNATIVE_COURSE
Victor Adeleke,202561586578CF,199,C4,C5,Biology,B2,Chemistry,C4,Further Mathematics,E8,2.8,Anatomy,200,ALTERNATIVE_COURSE
Amaka Anyanwu,202517240050FG,221,B2,C5,Biology,B3,Chemistry,B2,Further Mathematics,A1,4.0,Medicine,220,QUALIFIED
Fatima Nwosu,202519693792EG,244,B3,B2,Mathematics,C4,Physics,C4,Further Mathematics,C6,3.4,Information Technology,170,QUALIFIED
Josephine Ogundele,202582175946FG,193,C5,C4,Mathematics,C5,Economics,D7,Further Mathematics,C4,2.8,Accounting,170,ALTERNATIVE_COURSE
Peter Abubakar,202594406409CF,203,C6,B2,Mathematics,B3,Economics,C4,Further Mathematics,B2,3.6,Accounting,170,QUALIFIED
Grace Ogundele,202539421047CF,171,C6,D7,Mathematics,C6,Economics,B2,Further Mathematics,C6,3.0,Accounting,170,REJECTED
Oluwaseun Anyanwu,202585884247FG,168,C5,A1,Mathematics,B3,Physics,C5,Further Mathematics,B2,3.8,Information Technology,170,REJECTED
Solomon Olawale,202585160481HJ,238,C6,C4,Mathematics,A1,Physics,C6,Further Mathematics,B2,3.6,Information Technology,170,QUALIFIED
Amaka Ogundele,202537098593CF,257,C5,C5,Mathematics,C4,Physics,C6,Further Mathematics,E8,2.6,Information Technology,170,ALTERNATIVE_COURSE
Josephine Ibrahim,202511382675HJ,207,D7,B3,Mathematics,C4,Economics,B2,Further Mathematics,E8,2.8,Accounting,170,REJECTED
Daniel Okafor,202553773515FG,245,D7,C5,Biology,C6,Chemistry,C5,Further Mathematics,E8,2.4,Anatomy,200,REJECTED
Ibrahim Ogundele,202590053293CF,222,B3,B2,Mathematics,B2,Physics,C6,Further Mathematics,C4,3.6,Computer Science,180,QUALIFIED
Funmilayo Okafor,202542284210EG,187,C4,C6,Biology,B2,Chemistry,C6,Further Mathematics,C6,3.2,Nursing,180,QUALIFIED
Oluwaseun Musa,202568117758CF,222,B3,C6,Mathematics,C4,Physics,A1,Further Mathematics,B3,3.8,Computer Science,180,QUALIFIED
Kelvin Eze,202570076617HJ,263,C4,E8,Mathematics,A1,Economics,C6,Further Mathematics,D7,2.8,Accounting,170,REJECTED
Peter Chukwu,202556984789HJ,208,D7,B3,Biology,B2,Chemistry,B2,Further Mathematics,C5,3.4,Medicine,220,ALTERNATIVE_COURSE
Ibrahim Okonkwo,202573657661FG,264,C6,B2,Biology,C5,Chemistry,D7,Further Mathematics,C4,3.0,Medicine,220,ALTERNATIVE_COURSE
Chukwuemeka Olawale,202511615280FG,120,B3,B3,Economics,E8,Commerce,C5,Further Mathematics,C4,3.0,Business Admin,170,REJECTED
Blessing Eze,202594519832HJ,238,C4,D7,Biology,E8,Chemistry,C4,Further Mathematics,D7,2.2,Medicine,220,REJECTED
Grace Anyanwu,202568998094CF,213,C6,B3,Biology,C4,Chemistry,B2,Further Mathematics,B3,3.6,Nursing,180,QUALIFIED
Oluwaseun Adeleke,202561201836HJ,199,B3,C6,Biology,E8,Chemistry,B3,Further Mathematics,B2,3.2,Anatomy,200,ALTERNATIVE_COURSE
Chukwuemeka Nzekwe,202502290147HJ,213,B3,B3,Mathematics,C5,Economics,C6,Further Mathematics,C4,3.4,Accounting,170,QUALIFIED
Amaka Eze,202597840369CF,140,C5,C4,Mathematics,B2,Economics,C4,Further Mathematics,B3,3.4,Accounting,170,REJECTED
Amaka Okafor,202576226838FG,202,B2,E8,Mathematics,C6,Physics,C6,Further Mathematics,B3,3.0,Computer Science,180,ALTERNATIVE_COURSE
Victor Adeleke,202569664160FG,222,B3,C5,Biology,C4,Chemistry,C4,Further Mathematics,A1,3.6,Medicine,220,QUALIFIED
Amaka Bello,202569681645EG,261,C6,C5,Biology,C6,Chemistry,D7,Further Mathematics,A1,3.2,Anatomy,200,ALTERNATIVE_COURSE
Ngozi Abubakar,202523124329EG,191,C6,A1,Mathematics,C5,Physics,C4,Further Mathematics,B2,3.6,Information Technology,170,QUALIFIED
Tunde Ogundele,202599552717HJ,181,B2,C6,Biology,C4,Chemistry,C6,Further Mathematics,C6,3.2,Medicine,220,BORDERLINE
Blessing Okafor,202554119986HJ,192,C6,C4,Literature,B3,Government,A1,Further Mathematics,C4,3.6,Law,200,BORDERLINE
Oluwaseun Okafor,202571518203HJ,242,C4,C6,Mathematics,C5,Physics,B3,Further Mathematics,C4,3.2,Computer Science,180,QUALIFIED
Victor Ogundele,202590515186FG,221,C4,C5,Mathematics,B3,Economics,D7,Further Mathematics,B3,3.2,Accounting,170,ALTERNATIVE_COURSE
Peter Ogundele,202525462914HJ,191,C5,C5,Literature,D7,Government,D7,Further Mathematics,B3,2.8,Law,200,REJECTED
Kelvin Adeyemi,202568505423FG,227,C6,C5,Mathematics,C6,Physics,C5,Further Mathematics,C5,3.0,Information Technology,170,QUALIFIED
Kelvin Anyanwu,202588059296EG,213,B2,F9,Mathematics,B2,Economics,B3,Further Mathematics,C6,3.0,Accounting,170,ALTERNATIVE_COURSE
Blessing Okonkwo,202553794738EG,243,B2,C5,Biology,C5,Chemistry,D7,Further Mathematics,C5,3.0,Anatomy,200,ALTERNATIVE_COURSE
Peter Ibrahim,202574688623EG,185,E8,C6,Literature,D7,Government,B2,Further Mathematics,C5,2.6,Law,200,REJECTED
Kelvin Olawale,202514124782HJ,198,A1,C4,Literature,B3,Government,E8,Further Mathematics,C5,3.2,Law,200,ALTERNATIVE_COURSE
Blessing Okonkwo,202585361530FG,196,E8,B2,Biology,C4,Chemistry,B3,Further Mathematics,A1,3.4,Medicine,220,ALTERNATIVE_COURSE
Chioma Musa,202527790104EG,158,C6,C5,Biology,C6,Chemistry,B2,Further Mathematics,B3,3.4,Medicine,220,REJECTED
Josephine Adeyemi,202503697117CF,220,C4,C5,Biology,C4,Chemistry,B2,Further Mathematics,B3,3.4,Anatomy,200,QUALIFIED
Fatima Ogundele,202518518888CF,219,C5,B3,Biology,A1,Chemistry,B3,Further Mathematics,C4,3.8,Nursing,180,QUALIFIED
Ngozi Anyanwu,202515319520FG,210,D7,A1,Economics,B3,Commerce,B3,Further Mathematics,C5,3.6,Business Admin,170,ALTERNATIVE_COURSE
Fatima Anyanwu,202521704303CF,201,C6,B2,Mathematics,C6,Physics,C4,Further Mathematics,C5,3.2,Information Technology,170,QUALIFIED
Ibrahim Eze,202550541566HJ,160,E8,C4,Mathematics,F9,Physics,C4,Further Mathematics,B3,2.2,Information Technology,170,REJECTED
Daniel Anyanwu,202516169284FG,195,B3,B2,Economics,C5,Commerce,B3,Further Mathematics,C6,3.6,Business Admin,170,QUALIFIED
Tunde Abubakar,202570596401HJ,198,A1,C5,Biology,B3,Chemistry,C5,Further Mathematics,C4,3.6,Medicine,220,BORDERLINE
Tunde Okafor,202521355690EG,181,C4,C5,Mathematics,B2,Physics,A1,Further Mathematics,C6,3.6,Information Technology,170,QUALIFIED
Solomon Abubakar,202543102786CF,204,E8,B3,Mathematics,C6,Economics,C4,Further Mathematics,C4,2.8,Accounting,170,ALTERNATIVE_COURSE
Chioma Bello,202512172715FG,224,C6,C5,Literature,B2,Government,C5,Further Mathematics,C5,3.2,Law,200,QUALIFIED
Fatima Anyanwu,202558313237CF,276,C4,B3,Biology,B3,Chemistry,B2,Further Mathematics,C5,3.6,Medicine,220,QUALIFIED
Chukwuemeka Adeyemi,202546786691EG,216,C4,B3,Mathematics,C6,Physics,C4,Further Mathematics,C5,3.2,Information Technology,170,QUALIFIED
Aisha Ogundele,202592268018EG,219,C5,C4,Mathematics,C5,Physics,B3,Further Mathematics,D7,3.0,Information Technology,170,ALTERNATIVE_COURSE
Josephine Olawale,202514384249CF,207,B2,B3,Literature,C5,Government,B3,Further Mathematics,E8,3.2,Law,200,ALTERNATIVE_COURSE
Victor Olawale,202590010943HJ,142,C4,C4,Biology,B2,Chemistry,C5,Further Mathematics,D7,3.0,Anatomy,200,REJECTED
Solomon Eze,202571027677EG,209,C4,C5,Mathematics,B3,Physics,E8,Further Mathematics,C4,2.8,Computer Science,180,ALTERNATIVE_COURSE
Solomon Nwosu,202558815371FG,212,C5,B3,Mathematics,C5,Physics,C5,Further Mathematics,D7,3.0,Information Technology,170,ALTERNATIVE_COURSE
Grace Olawale,202525953278HJ,296,B2,A1,Mathematics,B3,Economics,B3,Further Mathematics,C5,4.0,Accounting,170,QUALIFIED
Grace Bello,202595004797FG,203,D7,C4,Mathematics,A1,Economics,B3,Further Mathematics,C4,3.4,Accounting,170,ALTERNATIVE_COURSE
Ngozi Okafor,202560983584CF,220,C6,C4,Mathematics,D7,Physics,C5,Further Mathematics,C6,2.8,Computer Science,180,ALTERNATIVE_COURSE
Amaka Nwosu,202516558523HJ,208,C4,C6,Economics,B3,Commerce,F9,Further Mathematics,C5,2.6,Business Admin,170,ALTERNATIVE_COURSE
Funmilayo Nzekwe,202582595269FG,169,A1,B2,Mathematics,B3,Physics,C4,Further Mathematics,C4,3.8,Computer Science,180,REJECTED
Emmanuel Abubakar,202551694097FG,249,C4,C4,Mathematics,C4,Physics,C4,Further Mathematics,C4,3.0,Information Technology,170,QUALIFIED
Solomon Nwosu,202530913075HJ,236,C5,C4,Biology,B2,Chemistry,C5,Further Mathematics,C5,3.2,Nursing,180,QUALIFIED
Blessing Musa,202528385786FG,237,C4,B2,Biology,C4,Chemistry,C5,Further Mathematics,C4,3.2,Anatomy,200,QUALIFIED
Daniel Adeleke,202573348434FG,178,C4,C4,Biology,C4,Chemistry,C5,Further Mathematics,D7,2.8,Anatomy,200,REJECTED
Daniel Eze,202519866524CF,259,C5,C4,Biology,C4,Chemistry,C4,Further Mathematics,E8,2.6,Nursing,180,ALTERNATIVE_COURSE
Ibrahim Bello,202584842199EG,160,E8,A1,Literature,E8,Government,C5,Further Mathematics,C5,2.6,Law,200,REJECTED
Victor Musa,202571208267HJ,230,A1,D7,Biology,B2,Chemistry,B2,Further Mathematics,B2,3.8,Nursing,180,ALTERNATIVE_COURSE
Peter Bello,202580262067EG,286,C6,B3,Biology,B3,Chemistry,A1,Further Mathematics,C6,3.8,Nursing,180,QUALIFIED
Josephine Ibrahim,202588728743CF,175,D7,A1,Literature,C4,Government,B2,Further Mathematics,F9,2.8,Law,200,REJECTED
Josephine Adeleke,202532966851HJ,190,B2,C4,Mathematics,B3,Physics,B2,Further Mathematics,C5,3.6,Information Technology,170,QUALIFIED
Grace Ibrahim,202545499045EG,213,B2,B2,Biology,B3,Chemistry,B2,Further Mathematics,B3,4.0,Medicine,220,BORDERLINE
Josephine Musa,202514593327EG,192,C5,C4,Mathematics,B2,Physics,C5,Further Mathematics,E8,2.8,Computer Science,180,ALTERNATIVE_COURSE
Aisha Anyanwu,202533918785CF,155,C5,C5,Mathematics,C4,Economics,C4,Further Mathematics,C4,3.0,Accounting,170,REJECTED
Victor Olawale,202587139718HJ,212,A1,C4,Biology,C4,Chemistry,C4,Further Mathematics,B2,3.6,Medicine,220,BORDERLINE
Josephine Musa,202506403910HJ,172,C4,C4,Mathematics,C4,Physics,A1,Further Mathematics,C4,3.4,Computer Science,180,REJECTED
Chioma Okafor,202546226567HJ,226,C5,C4,Mathematics,A1,Physics,D7,Further Mathematics,F9,2.6,Information Technology,170,REJECTED
Amaka Nwosu,202586823004HJ,177,A1,E8,Economics,D7,Commerce,B2,Further Mathematics,D7,2.8,Business Admin,170,REJECTED
Amaka Okafor,202569033119CF,264,C4,C6,Economics,B2,Commerce,B3,Further Mathematics,B3,3.6,Business Admin,170,QUALIFIED
Grace Chukwu,202530284395FG,182,C4,C5,Mathematics,A1,Economics,C5,Further Mathematics,C4,3.4,Accounting,170,QUALIFIED
Blessing Chukwu,202592687056FG,198,B3,B2,Biology,C5,Chemistry,B2,Further Mathematics,B3,3.8,Nursing,180,QUALIFIED
Grace Eze,202527086688EG,238,C4,B3,Economics,B2,Commerce,C4,Further Mathematics,B2,3.6,Business Admin,170,QUALIFIED
Chukwuemeka Chukwu,202530469901EG,166,B2,B2,Economics,C5,Commerce,E8,Further Mathematics,C6,3.0,Business Admin,170,REJECTED
Ibrahim Musa,202517393638FG,217,C4,D7,Biology,B3,Chemistry,E8,Further Mathematics,A1,3.0,Nursing,180,REJECTED
Chioma Ibrahim,202517535560EG,255,B3,C4,Literature,B3,Government,B3,Further Mathematics,C4,3.6,Law,200,QUALIFIED
Ibrahim Abubakar,202536937854HJ,153,A1,C4,Biology,C4,Chemistry,C5,Further Mathematics,B3,3.6,Anatomy,200,REJECTED
Fatima Nzekwe,202580801006EG,216,C4,C5,Mathematics,B3,Economics,B2,Further Mathematics,C4,3.4,Accounting,170,QUALIFIED
Funmilayo Nzekwe,202577008860CF,219,A1,B2,Biology,B2,Chemistry,C4,Further Mathematics,A1,4.2,Nursing,180,QUALIFIED
Fatima Adeyemi,202518233984FG,237,C4,B3,Literature,C4,Government,C5,Further Mathematics,C4,3.2,Law,200,QUALIFIED
Grace Eze,202510166687CF,166,C6,A1,Literature,E8,Government,C4,Further Mathematics,B2,3.2,Law,200,REJECTED
Amaka Nzekwe,202580339740CF,163,C5,A1,Mathematics,C6,Physics,C5,Further Mathematics,B3,3.6,Computer Science,180,REJECTED
Ibrahim Adeleke,202526142939HJ,228,D7,C4,Literature,A1,Government,E8,Further Mathematics,B3,3.0,Law,200,REJECTED
Ngozi Okafor,202516315999HJ,220,B3,C5,Mathematics,C6,Physics,C5,Further Mathematics,A1,3.6,Information Technology,170,QUALIFIED
Solomon Okonkwo,202529619431CF,218,A1,B3,Mathematics,F9,Physics,C4,Further Mathematics,B3,3.2,Information Technology,170,ALTERNATIVE_COURSE
Amaka Adeyemi,202504754121EG,222,B2,C5,Literature,C5,Government,C5,Further Mathematics,B3,3.4,Law,200,QUALIFIED
Chukwuemeka Adeleke,202595604661EG,186,C4,C4,Economics,C4,Commerce,A1,Further Mathematics,B3,3.6,Business Admin,170,QUALIFIED
Fatima Okonkwo,202546471543HJ,218,C5,B2,Biology,B3,Chemistry,B3,Further Mathematics,B2,3.8,Anatomy,200,QUALIFIED
Solomon Anyanwu,202557569245EG,220,C4,B2,Biology,A1,Chemistry,B3,Further Mathematics,C6,3.8,Nursing,180,QUALIFIED
Chioma Adeleke,202535646519EG,184,B3,E8,Mathematics,E8,Economics,B3,Further Mathematics,C5,2.6,Accounting,170,REJECTED
Tunde Anyanwu,202541672434EG,275,C5,C4,Biology,E8,Chemistry,C4,Further Mathematics,C5,2.6,Anatomy,200,ALTERNATIVE_COURSE
Kelvin Nzekwe,202568058911EG,226,C6,A1,Economics,F9,Commerce,C4,Further Mathematics,C4,2.8,Business Admin,170,ALTERNATIVE_COURSE
Victor Anyanwu,202561014388EG,168,B2,C5,Mathematics,C4,Physics,C5,Further Mathematics,C5,3.2,Information Technology,170,REJECTED
Emmanuel Ibrahim,202514611254FG,232,B3,C4,Mathematics,C5,Economics,C5,Further Mathematics,B2,3.4,Accounting,170,QUALIFIED
Tunde Abubakar,202514010512EG,175,C6,C4,Mathematics,B3,Economics,A1,Further Mathematics,C5,3.6,Accounting,170,QUALIFIED
Fatima Nwosu,202566093796HJ,237,C4,B3,Biology,C4,Chemistry,C4,Further Mathematics,C6,3.2,Anatomy,200,QUALIFIED
Amaka Anyanwu,202582553714HJ,250,C5,B2,Mathematics,C6,Physics,C6,Further Mathematics,A1,3.6,Computer Science,180,QUALIFIED
Funmilayo Nwosu,202549912513FG,181,C4,C5,Mathematics,C4,Physics,B3,Further Mathematics,C6,3.2,Information Technology,170,QUALIFIED
Solomon Okonkwo,202527828274EG,243,B2,C5,Biology,C4,Chemistry,C4,Further Mathematics,B2,3.4,Medicine,220,QUALIFIED
Oluwaseun Bello,202568876767HJ,224,B3,C4,Biology,A1,Chemistry,B3,Further Mathematics,A1,4.2,Anatomy,200,QUALIFIED
Aisha Eze,202527978819CF,238,A1,A1,Biology,C6,Chemistry,B3,Further Mathematics,B3,4.2,Anatomy,200,QUALIFIED
Tunde Chukwu,202536134074FG,276,C6,C6,Literature,B3,Government,C6,Further Mathematics,A1,3.6,Law,200,QUALIFIED
Peter Musa,202559629233CF,201,C4,F9,Biology,C6,Chemistry,B2,Further Mathematics,C6,2.6,Medicine,220,ALTERNATIVE_COURSE
Peter Eze,202581260422EG,183,C4,C4,Mathematics,B2,Physics,F9,Further Mathematics,B3,2.8,Information Technology,170,ALTERNATIVE_COURSE
Peter Ogundele,202546671168FG,178,C5,C6,Biology,C6,Chemistry,C5,Further Mathematics,C4,3.0,Anatomy,200,REJECTED
Chukwuemeka Musa,202575186363HJ,181,C4,C4,Mathematics,C4,Physics,D7,Further Mathematics,C6,2.8,Information Technology,170,ALTERNATIVE_COURSE
Victor Nzekwe,202500170127HJ,207,B3,B3,Literature,C4,Government,B2,Further Mathematics,D7,3.4,Law,200,ALTERNATIVE_COURSE
Josephine Nwosu,202541541520HJ,221,F9,C4,Mathematics,F9,Physics,D7,Further Mathematics,D7,1.4,Computer Science,180,REJECTED
Ibrahim Ibrahim,202512938700FG,219,C5,C6,Literature,C4,Government,A1,Further Mathematics,A1,3.8,Law,200,QUALIFIED
Amaka Adeyemi,202555426221CF,238,F9,C4,Biology,B2,Chemistry,A1,Further Mathematics,B3,3.2,Medicine,220,ALTERNATIVE_COURSE
Tunde Olawale,202531121965HJ,210,C4,C5,Biology,C5,Chemistry,B2,Further Mathematics,C4,3.2,Anatomy,200,QUALIFIED
Funmilayo Eze,202504389836FG,260,C6,B2,Mathematics,C5,Physics,B2,Further Mathematics,C5,3.4,Information Technology,170,QUALIFIED
Funmilayo Adeyemi,202580552696FG,200,C6,C6,Mathematics,B2,Physics,B3,Further Mathematics,B2,3.6,Computer Science,180,QUALIFIED
Daniel Bello,202500684866HJ,305,C6,E8,Biology,C6,Chemistry,A1,Further Mathematics,A1,3.4,Anatomy,200,ALTERNATIVE_COURSE
Ibrahim Anyanwu,202528569146EG,231,C5,C4,Biology,B2,Chemistry,A1,Further Mathematics,A1,4.0,Medicine,220,QUALIFIED
Fatima Adeyemi,202502027588FG,179,B2,E8,Mathematics,B2,Physics,C5,Further Mathematics,A1,3.4,Computer Science,180,REJECTED
Emmanuel Abubakar,202564814917HJ,172,B3,C5,Biology,D7,Chemistry,C5,Further Mathematics,B2,3.2,Anatomy,200,REJECTED
Peter Ogundele,202513800030HJ,226,A1,D7,Mathematics,B2,Physics,B2,Further Mathematics,C6,3.6,Information Technology,170,ALTERNATIVE_COURSE
Adaeze Bello,202553654195CF,202,B3,B2,Mathematics,E8,Physics,D7,Further Mathematics,C4,2.8,Information Technology,170,REJECTED
Tunde Olawale,202544518705EG,234,B2,C6,Mathematics,F9,Physics,E8,Further Mathematics,A1,2.6,Computer Science,180,REJECTED
Chioma Anyanwu,202538320603FG,226,C4,B3,Literature,C5,Government,C4,Further Mathematics,C4,3.2,Law,200,QUALIFIED
Amaka Bello,202583670241CF,207,E8,A1,Mathematics,C5,Physics,C6,Further Mathematics,C5,3.0,Computer Science,180,ALTERNATIVE_COURSE
Chukwuemeka Adeleke,202518261990HJ,180,D7,C4,Biology,C5,Chemistry,B3,Further Mathematics,F9,2.4,Nursing,180,REJECTED
Victor Abubakar,202574313291EG,156,B2,B3,Biology,B3,Chemistry,C6,Further Mathematics,C5,3.6,Anatomy,200,REJECTED
Ibrahim Ibrahim,202547411249CF,194,B2,C4,Biology,C4,Chemistry,C4,Further Mathematics,E8,2.8,Medicine,220,ALTERNATIVE_COURSE
Kelvin Okafor,202544206788EG,239,C6,B3,Biology,A1,Chemistry,B2,Further Mathematics,B3,4.0,Nursing,180,QUALIFIED
Grace Nwosu,202536519941CF,217,C4,C6,Biology,B2,Chemistry,A1,Further Mathematics,C6,3.6,Medicine,220,BORDERLINE
Victor Adeyemi,202507029667CF,166,B2,C5,Biology,C6,Chemistry,A1,Further Mathematics,C6,3.6,Medicine,220,REJECTED
Oluwaseun Okafor,202599934768HJ,216,C5,B2,Economics,B2,Commerce,B2,Further Mathematics,B3,3.8,Business Admin,170,QUALIFIED
Grace Ogundele,202580657875FG,223,A1,B3,Mathematics,C4,Physics,C5,Further Mathematics,C6,3.6,Computer Science,180,QUALIFIED
Daniel Okafor,202578593213EG,179,B3,A1,Economics,C4,Commerce,A1,Further Mathematics,C6,4.0,Business Admin,170,QUALIFIED
Peter Olawale,202565223955CF,215,C4,C6,Literature,C5,Government,C6,Further Mathematics,E8,2.6,Law,200,ALTERNATIVE_COURSE
Chioma Chukwu,202542701039EG,212,E8,C4,Mathematics,C4,Physics,B2,Further Mathematics,F9,2.2,Information Technology,170,REJECTED
Fatima Nzekwe,202550029218FG,169,C4,A1,Mathematics,D7,Physics,B2,Further Mathematics,B2,3.6,Computer Science,180,REJECTED
Oluwaseun Nwosu,202567528953EG,222,B3,E8,Biology,B3,Chemistry,B2,Further Mathematics,B3,3.4,Medicine,220,ALTERNATIVE_COURSE
Peter Okonkwo,202590295939CF,229,B3,C5,Economics,B2,Commerce,C5,Further Mathematics,E8,3.0,Business Admin,170,ALTERNATIVE_COURSE
Chukwuemeka Olawale,202557043315FG,247,B2,C5,Mathematics,B2,Economics,F9,Further Mathematics,B2,3.0,Accounting,170,ALTERNATIVE_COURSE
Adaeze Ibrahim,202565861793EG,246,C5,A1,Biology,C4,Chemistry,C4,Further Mathematics,B2,3.6,Medicine,220,QUALIFIED
Chukwuemeka Abubakar,202526218159HJ,161,A1,C6,Mathematics,B3,Economics,B3,Further Mathematics,E8,3.4,Accounting,170,REJECTED
Victor Bello,202536884443CF,177,C4,C5,Mathematics,C5,Physics,C4,Further Mathematics,A1,3.4,Computer Science,180,REJECTED
Chukwuemeka Eze,202597310324CF,228,B3,C4,Mathematics,C4,Physics,A1,Further Mathematics,A1,4.0,Computer Science,180,QUALIFIED
Chukwuemeka Ogundele,202586256527CF,227,C6,B3,Mathematics,B3,Economics,C4,Further Mathematics,C5,3.4,Accounting,170,QUALIFIED
Amaka Adeyemi,202558693806HJ,228,C4,B3,Literature,C6,Government,C4,Further Mathematics,B2,3.4,Law,200,QUALIFIED
Blessing Chukwu,202598992172EG,320,C4,B2,Mathematics,B3,Economics,B3,Further Mathematics,D7,3.4,Accounting,170,ALTERNATIVE_COURSE
Oluwaseun Olawale,202594511686FG,229,C6,B2,Biology,C4,Chemistry,F9,Further Mathematics,C4,2.6,Nursing,180,ALTERNATIVE_COURSE
Adaeze Adeyemi,202562299911CF,249,C4,D7,Literature,A1,Government,C5,Further Mathematics,C4,3.2,Law,200,ALTERNATIVE_COURSE
Peter Adeleke,202570246299HJ,243,D7,D7,Literature,D7,Government,B3,Further Mathematics,C5,2.6,Law,200,REJECTED
Daniel Nzekwe,202550544471EG,232,B3,D7,Mathematics,C5,Physics,A1,Further Mathematics,C4,3.4,Computer Science,180,ALTERNATIVE_COURSE
Funmilayo Ogundele,202513736785CF,198,B3,C5,Biology,C6,Chemistry,B3,Further Mathematics,C5,3.4,Anatomy,200,BORDERLINE
Peter Okafor,202523303070FG,236,A1,C5,Biology,C4,Chemistry,C6,Further Mathematics,C4,3.4,Anatomy,200,QUALIFIED
Emmanuel Bello,202557972798FG,182,B3,C6,Biology,C4,Chemistry,C5,Further Mathematics,B2,3.4,Nursing,180,QUALIFIED
Solomon Okafor,202529333346CF,201,B2,D7,Mathematics,C5,Physics,C5,Further Mathematics,B3,3.2,Information Technology,170,ALTERNATIVE_COURSE
Funmilayo Anyanwu,202544665743HJ,193,C4,B2,Mathematics,B2,Physics,C6,Further Mathematics,B2,3.6,Computer Science,180,QUALIFIED
Ngozi Chukwu,202599441715FG,212,C5,C6,Literature,B3,Government,B2,Further Mathematics,C4,3.4,Law,200,QUALIFIED
Oluwaseun Chukwu,202530965207FG,291,D7,B3,Mathematics,C5,Physics,D7,Further Mathematics,B3,3.0,Information Technology,170,REJECTED
Ibrahim Abubakar,202538758428EG,144,D7,C4,Literature,C5,Government,C4,Further Mathematics,F9,2.2,Law,200,REJECTED
Fatima Ogundele,202551353465FG,234,A1,B2,Literature,B3,Government,C6,Further Mathematics,C6,3.8,Law,200,QUALIFIED
Peter Adeleke,202517381684HJ,153,C4,C4,Literature,B2,Government,A1,Further Mathematics,C5,3.6,Law,200,REJECTED
Tunde Nwosu,202552175250CF,193,D7,B2,Mathematics,F9,Physics,B3,Further Mathematics,F9,2.0,Computer Science,180,REJECTED
Chukwuemeka Nwosu,202596666760CF,248,B3,C6,Mathematics,B2,Economics,C6,Further Mathematics,C4,3.4,Accounting,170,QUALIFIED
Emmanuel Ogundele,202503354216FG,212,C5,E8,Biology,D7,Chemistry,C6,Further Mathematics,C4,2.4,Nursing,180,REJECTED
Kelvin Abubakar,202562575326CF,172,A1,A1,Biology,E8,Chemistry,C4,Further Mathematics,C4,3.4,Anatomy,200,REJECTED
Amaka Abubakar,202506489090CF,184,B2,F9,Biology,B2,Chemistry,A1,Further Mathematics,C4,3.2,Nursing,180,ALTERNATIVE_COURSE
Oluwaseun Bello,202504618499EG,233,A1,B2,Mathematics,C4,Physics,B2,Further Mathematics,B3,4.0,Computer Science,180,QUALIFIED
Amaka Ibrahim,202539348356FG,184,C6,B2,Economics,C5,Commerce,B2,Further Mathematics,B2,3.6,Business Admin,170,QUALIFIED
Emmanuel Okafor,202511972181CF,217,A1,C4,Biology,B2,Chemistry,E8,Further Mathematics,B3,3.4,Anatomy,200,ALTERNATIVE_COURSE
Fatima Olawale,202504556110CF,211,C5,C4,Literature,F9,Government,B3,Further Mathematics,A1,3.0,Law,200,ALTERNATIVE_COURSE
Chukwuemeka Abubakar,202552166746HJ,187,C5,B2,Biology,B3,Chemistry,C4,Further Mathematics,C5,3.4,Anatomy,200,BORDERLINE
Fatima Adeyemi,202569797296FG,285,C5,C6,Economics,B2,Commerce,C5,Further Mathematics,A1,3.6,Business Admin,170,QUALIFIED
Chioma Adeyemi,202567014508EG,232,D7,D7,Mathematics,C5,Physics,D7,Further Mathematics,C4,2.4,Computer Science,180,REJECTED
Chioma Abubakar,202562890028HJ,139,C4,C5,Mathematics,C5,Physics,C4,Further Mathematics,C5,3.0,Information Technology,170,REJECTED
Blessing Chukwu,202538663177HJ,216,D7,A1,Mathematics,C4,Economics,B2,Further Mathematics,F9,2.8,Accounting,170,REJECTED
Amaka Okonkwo,202560880199FG,186,D7,C4,Biology,B2,Chemistry,C4,Further Mathematics,C5,3.0,Medicine,220,ALTERNATIVE_COURSE
Tunde Abubakar,202589975711EG,239,C5,C4,Biology,B3,Chemistry,C6,Further Mathematics,C6,3.2,Nursing,180,QUALIFIED
Amaka Okafor,202527261493EG,182,B3,C6,Mathematics,E8,Physics,B3,Further Mathematics,C4,3.0,Computer Science,180,ALTERNATIVE_COURSE
Amaka Anyanwu,202560917798EG,205,E8,B3,Biology,C4,Chemistry,C6,Further Mathematics,C5,2.8,Medicine,220,ALTERNATIVE_COURSE
Kelvin Anyanwu,202529221699FG,227,A1,C5,Mathematics,C4,Economics,C4,Further Mathematics,C4,3.4,Accounting,170,QUALIFIED
Victor Eze,202572269848FG,240,C4,C5,Economics,C5,Commerce,B2,Further Mathematics,B3,3.4,Business Admin,170,QUALIFIED
Fatima Chukwu,202585158799HJ,167,B2,C5,Biology,B3,Chemistry,B3,Further Mathematics,C5,3.6,Nursing,180,REJECTED
Blessing Ogundele,202503424420FG,198,D7,C4,Literature,A1,Government,B2,Further Mathematics,B3,3.6,Law,200,ALTERNATIVE_COURSE
Aisha Olawale,202538638406HJ,193,C6,A1,Biology,C6,Chemistry,B2,Further Mathematics,D7,3.4,Nursing,180,ALTERNATIVE_COURSE
Daniel Bello,202597359893EG,187,E8,F9,Economics,B3,Commerce,C4,Further Mathematics,A1,2.6,Business Admin,170,REJECTED
Amaka Okonkwo,202506484229FG,271,C4,F9,Literature,A1,Government,E8,Further Mathematics,C5,2.4,Law,200,REJECTED
Blessing Anyanwu,202594798515EG,224,B3,C5,Mathematics,B2,Physics,B2,Further Mathematics,B3,3.8,Computer Science,180,QUALIFIED
Ngozi Bello,202535554398HJ,165,C4,C6,Biology,B2,Chemistry,C4,Further Mathematics,C4,3.2,Anatomy,200,REJECTED
Grace Okafor,202556164840FG,242,B2,B3,Mathematics,B2,Physics,C5,Further Mathematics,D7,3.4,Computer Science,180,ALTERNATIVE_COURSE
Amaka Nwosu,202588013361EG,284,C4,B3,Mathematics,C5,Economics,B3,Further Mathematics,A1,3.8,Accounting,170,QUALIFIED
Victor Okafor,202511024819EG,246,C5,E8,Economics,C5,Commerce,B2,Further Mathematics,C4,2.8,Business Admin,170,ALTERNATIVE_COURSE
Amaka Chukwu,202509190158CF,156,C4,C4,Literature,C4,Government,B3,Further Mathematics,B3,3.4,Law,200,REJECTED
Solomon Olawale,202507283268FG,193,C6,B3,Literature,A1,Government,C6,Further Mathematics,C4,3.6,Law,200,BORDERLINE
Emmanuel Chukwu,202582100996CF,254,B3,D7,Biology,E8,Chemistry,D7,Further Mathematics,C5,2.4,Anatomy,200,REJECTED
Kelvin Nwosu,202522394312CF,185,B2,C5,Literature,C5,Government,B2,Further Mathematics,D7,3.2,Law,200,ALTERNATIVE_COURSE
Peter Ibrahim,202555231491EG,225,C5,A1,Mathematics,C5,Economics,B3,Further Mathematics,B2,3.8,Accounting,170,QUALIFIED
Peter Abubakar,202556205336FG,237,C4,B3,Mathematics,C5,Physics,C5,Further Mathematics,B2,3.4,Information Technology,170,QUALIFIED
Josephine Ibrahim,202581291428EG,177,B2,C5,Mathematics,D7,Physics,C4,Further Mathematics,B3,3.2,Information Technology,170,REJECTED
Emmanuel Olawale,202599693084HJ,207,C5,C5,Literature,C5,Government,D7,Further Mathematics,C6,2.8,Law,200,ALTERNATIVE_COURSE
Tunde Chukwu,202581658039EG,120,B3,B2,Biology,C6,Chemistry,C5,Further Mathematics,B3,3.6,Anatomy,200,REJECTED
Chioma Abubakar,202503731453CF,174,C4,B2,Biology,E8,Chemistry,C5,Further Mathematics,E8,2.4,Anatomy,200,REJECTED
Blessing Ogundele,202551844989EG,201,C4,C6,Biology,B3,Chemistry,D7,Further Mathematics,D7,2.8,Nursing,180,REJECTED
Solomon Nzekwe,202538655779CF,166,C5,B3,Economics,C5,Commerce,C6,Further Mathematics,C4,3.2,Business Admin,170,REJECTED
Fatima Abubakar,202591365177HJ,267,C4,B2,Biology,C4,Chemistry,B3,Further Mathematics,B2,3.6,Anatomy,200,QUALIFIED
Peter Nwosu,202528092024EG,159,C4,C5,Biology,C4,Chemistry,B2,Further Mathematics,B2,3.4,Nursing,180,REJECTED
Josephine Adeyemi,202537977236EG,194,C4,C4,Economics,A1,Commerce,C5,Further Mathematics,C5,3.4,Business Admin,170,QUALIFIED
Funmilayo Adeleke,202513662103HJ,214,C5,C4,Biology,B2,Chemistry,C5,Further Mathematics,E8,2.8,Anatomy,200,ALTERNATIVE_COURSE
Aisha Chukwu,202511729806HJ,260,C5,B2,Biology,D7,Chemistry,C4,Further Mathematics,D7,2.8,Anatomy,200,REJECTED
Solomon Abubakar,202599162473CF,159,D7,C5,Mathematics,C4,Physics,E8,Further Mathematics,C4,2.4,Information Technology,170,REJECTED
Emmanuel Adeleke,202581806356FG,250,C4,C4,Literature,B3,Government,A1,Further Mathematics,C5,3.6,Law,200,QUALIFIED
Ngozi Adeleke,202546368872FG,210,B2,C5,Biology,B3,Chemistry,D7,Further Mathematics,C4,3.2,Medicine,220,ALTERNATIVE_COURSE
Amaka Musa,202537213865CF,175,B3,B3,Mathematics,B3,Economics,C5,Further Mathematics,C5,3.6,Accounting,170,QUALIFIED
Funmilayo Okonkwo,202511435190HJ,226,B3,C5,Biology,C6,Chemistry,C6,Further Mathematics,C4,3.2,Anatomy,200,QUALIFIED
Fatima Ogundele,202577038430EG,216,C5,C4,Economics,C5,Commerce,C4,Further Mathematics,E8,2.6,Business Admin,170,ALTERNATIVE_COURSE
Daniel Anyanwu,202565669380CF,188,C5,B3,Biology,C5,Chemistry,F9,Further Mathematics,A1,3.0,Anatomy,200,ALTERNATIVE_COURSE
Daniel Bello,202593769042HJ,212,C4,C5,Biology,C4,Chemistry,C4,Further Mathematics,B3,3.2,Medicine,220,BORDERLINE
Daniel Nzekwe,202589476973FG,196,C4,C4,Biology,B3,Chemistry,B2,Further Mathematics,C4,3.4,Medicine,220,BORDERLINE
Solomon Ogundele,202533565880FG,213,C5,D7,Mathematics,D7,Economics,C4,Further Mathematics,B3,2.8,Accounting,170,REJECTED
Fatima Ibrahim,202555394237EG,233,B3,B3,Biology,C5,Chemistry,B3,Further Mathematics,C4,3.6,Nursing,180,QUALIFIED
Funmilayo Abubakar,202521117908CF,265,C5,D7,Biology,B2,Chemistry,B2,Further Mathematics,B2,3.4,Nursing,180,ALTERNATIVE_COURSE
Daniel Ibrahim,202528463920HJ,166,B3,B3,Mathematics,D7,Economics,D7,Further Mathematics,C4,3.0,Accounting,170,REJECTED
Tunde Adeyemi,202587500369CF,284,E8,A1,Mathematics,B3,Economics,D7,Further Mathematics,C6,3.0,Accounting,170,REJECTED
Funmilayo Abubakar,202552763655HJ,141,B3,D7,Mathematics,B2,Physics,B3,Further Mathematics,B3,3.6,Information Technology,170,REJECTED
Daniel Anyanwu,202538663227CF,204,C4,C4,Literature,F9,Government,C5,Further Mathematics,C6,2.4,Law,200,ALTERNATIVE_COURSE
Victor Anyanwu,202574489061EG,230,C4,B2,Biology,D7,Chemistry,C5,Further Mathematics,C4,3.0,Anatomy,200,ALTERNATIVE_COURSE
Daniel Abubakar,202558845061FG,219,B2,B3,Mathematics,C6,Physics,A1,Further Mathematics,C5,3.8,Computer Science,180,QUALIFIED
Victor Ogundele,202587716947EG,188,C4,C5,Biology,C4,Chemistry,F9,Further Mathematics,B3,2.6,Nursing,180,ALTERNATIVE_COURSE
Chukwuemeka Adeyemi,202525355449HJ,202,C5,E8,Biology,C4,Chemistry,C5,Further Mathematics,C4,2.6,Anatomy,200,ALTERNATIVE_COURSE
Tunde Okonkwo,202522023413EG,192,D7,C6,Literature,E8,Government,C5,Further Mathematics,C4,2.4,Law,200,REJECTED
Solomon Chukwu,202511492164EG,189,B2,A1,Economics,D7,Commerce,C4,Further Mathematics,A1,3.8,Business Admin,170,ALTERNATIVE_COURSE
Blessing Ogundele,202555778487EG,239,C5,C4,Biology,B2,Chemistry,C4,Further Mathematics,B2,3.4,Nursing,180,QUALIFIED
Aisha Eze,202557831745HJ,222,C4,C4,Biology,C5,Chemistry,D7,Further Mathematics,C4,2.8,Anatomy,200,ALTERNATIVE_COURSE
Josephine Ibrahim,202580774064EG,185,B2,A1,Literature,C4,Government,C6,Further Mathematics,B2,3.8,Law,200,BORDERLINE
Solomon Olawale,202563416389FG,241,C4,B2,Mathematics,D7,Physics,C4,Further Mathematics,B2,3.2,Computer Science,180,ALTERNATIVE_COURSE
Oluwaseun Eze,202517974973FG,220,C5,C4,Literature,B3,Government,B2,Further Mathematics,A1,3.8,Law,200,QUALIFIED
Oluwaseun Musa,202570312073FG,238,B2,E8,Mathematics,A1,Physics,F9,Further Mathematics,B3,2.8,Computer Science,180,REJECTED
Victor Adeyemi,202520461872EG,232,B3,C6,Economics,F9,Commerce,C4,Further Mathematics,C6,2.6,Business Admin,170,ALTERNATIVE_COURSE
Tunde Bello,202503718376FG,180,C6,C6,Literature,B2,Government,C6,Further Mathematics,B2,3.4,Law,200,BORDERLINE
Chioma Ogundele,202543503136FG,190,B2,C5,Mathematics,C5,Physics,C4,Further Mathematics,B2,3.4,Information Technology,170,QUALIFIED
Blessing Adeleke,202579251327CF,236,B2,B3,Mathematics,B2,Physics,C6,Further Mathematics,A1,4.0,Computer Science,180,QUALIFIED
Aisha Anyanwu,202512735857EG,231,E8,F9,Mathematics,C5,Physics,A1,Further Mathematics,C5,2.4,Information Technology,170,REJECTED
Tunde Chukwu,202548739285FG,209,C5,B3,Mathematics,B2,Physics,D7,Further Mathematics,C4,3.2,Computer Science,180,ALTERNATIVE_COURSE
Oluwaseun Ibrahim,202544857086EG,214,B3,C6,Mathematics,D7,Economics,C4,Further Mathematics,A1,3.4,Accounting,170,ALTERNATIVE_COURSE
Aisha Olawale,202563878294FG,254,C5,B3,Mathematics,C5,Physics,B3,Further Mathematics,A1,3.8,Computer Science,180,QUALIFIED
Oluwaseun Nwosu,202503173109HJ,189,C5,B2,Economics,C4,Commerce,A1,Further Mathematics,C6,3.6,Business Admin,170,QUALIFIED
Chukwuemeka Okafor,202537170586FG,229,C4,C5,Mathematics,B3,Economics,B3,Further Mathematics,C5,3.4,Accounting,170,QUALIFIED
Ibrahim Chukwu,202511386338EG,202,C6,B3,Mathematics,A1,Physics,A1,Further Mathematics,B3,4.2,Computer Science,180,QUALIFIED
Tunde Musa,202561228685EG,202,C4,C4,Biology,C5,Chemistry,C6,Further Mathematics,C4,3.0,Anatomy,200,QUALIFIED
Adaeze Anyanwu,202565939836FG,248,E8,D7,Mathematics,C4,Economics,F9,Further Mathematics,C6,1.8,Accounting,170,REJECTED
Funmilayo Okafor,202582404335CF,238,E8,C4,Mathematics,B3,Physics,C5,Further Mathematics,F9,2.2,Information Technology,170,REJECTED
Tunde Abubakar,202522459334FG,238,D7,C4,Literature,C4,Government,C4,Further Mathematics,A1,3.2,Law,200,ALTERNATIVE_COURSE
Chioma Nwosu,202579194096CF,255,C4,C4,Biology,B2,Chemistry,A1,Further Mathematics,B3,3.8,Medicine,220,QUALIFIED
Amaka Olawale,202539060480FG,210,E8,B3,Mathematics,D7,Physics,C4,Further Mathematics,E8,2.2,Computer Science,180,REJECTED
Tunde Anyanwu,202599813646EG,233,B3,C5,Biology,B2,Chemistry,C5,Further Mathematics,F9,2.8,Anatomy,200,ALTERNATIVE_COURSE
Solomon Chukwu,202562278376EG,199,B3,C4,Biology,C5,Chemistry,C4,Further Mathematics,B3,3.4,Anatomy,200,BORDERLINE
Amaka Ogundele,202566553559CF,221,B2,B3,Biology,C4,Chemistry,C5,Further Mathematics,C4,3.4,Nursing,180,QUALIFIED
Tunde Okafor,202533521103EG,205,B2,B3,Literature,C6,Government,C6,Further Mathematics,C5,3.4,Law,200,QUALIFIED
Ibrahim Musa,202583388487EG,213,A1,C5,Literature,B2,Government,C4,Further Mathematics,A1,4.0,Law,200,QUALIFIED
Ibrahim Anyanwu,202594070164FG,230,B3,D7,Mathematics,C4,Physics,B3,Further Mathematics,A1,3.6,Computer Science,180,ALTERNATIVE_COURSE
Amaka Nzekwe,202557981238HJ,181,A1,D7,Biology,C5,Chemistry,B2,Further Mathematics,B3,3.6,Medicine,220,ALTERNATIVE_COURSE
Emmanuel Abubakar,202555438404HJ,283,A1,E8,Mathematics,B3,Physics,C4,Further Mathematics,C5,3.2,Computer Science,180,ALTERNATIVE_COURSE
Oluwaseun Adeyemi,202568936392HJ,174,E8,E8,Mathematics,B2,Physics,B3,Further Mathematics,B3,2.8,Computer Science,180,REJECTED
Aisha Ogundele,202532482629EG,167,D7,B3,Literature,C4,Government,B2,Further Mathematics,B2,3.4,Law,200,REJECTED
Oluwaseun Musa,202505664742EG,250,A1,C4,Mathematics,C5,Physics,B2,Further Mathematics,C6,3.6,Information Technology,170,QUALIFIED
Funmilayo Bello,202593305172HJ,237,B2,A1,Biology,F9,Chemistry,C5,Further Mathematics,C5,3.0,Medicine,220,ALTERNATIVE_COURSE
Adaeze Anyanwu,202504633312HJ,231,B2,B3,Mathematics,C4,Physics,B2,Further Mathematics,B2,3.8,Information Technology,170,QUALIFIED
Funmilayo Musa,202565699988CF,231,C5,D7,Mathematics,D7,Economics,C4,Further Mathematics,C6,2.6,Accounting,170,REJECTED
Solomon Musa,202508680347HJ,209,C4,C6,Biology,A1,Chemistry,F9,Further Mathematics,C4,2.8,Medicine,220,ALTERNATIVE_COURSE
Kelvin Nzekwe,202527718129EG,178,C6,B3,Literature,B2,Government,B3,Further Mathematics,D7,3.4,Law,200,REJECTED
Ibrahim Nzekwe,202571452111HJ,212,C4,C4,Economics,B2,Commerce,C4,Further Mathematics,C5,3.2,Business Admin,170,QUALIFIED
Fatima Okonkwo,202586025922EG,186,A1,C5,Mathematics,C5,Physics,F9,Further Mathematics,C5,2.8,Information Technology,170,ALTERNATIVE_COURSE
Josephine Ogundele,202521230940HJ,244,C6,A1,Biology,B3,Chemistry,C5,Further Mathematics,E8,3.2,Anatomy,200,ALTERNATIVE_COURSE
Peter Ogundele,202577671990EG,204,D7,C4,Mathematics,A1,Economics,D7,Further Mathematics,B2,3.2,Accounting,170,REJECTED
Ngozi Okafor,202520994510CF,181,C5,C4,Literature,C6,Government,A1,Further Mathematics,B2,3.6,Law,200,BORDERLINE
Peter Anyanwu,202582795014FG,198,F9,B2,Economics,B3,Commerce,C5,Further Mathematics,C5,2.8,Business Admin,170,ALTERNATIVE_COURSE
Chioma Nwosu,202514586833CF,224,D7,C6,Mathematics,C6,Physics,C6,Further Mathematics,A1,3.2,Information Technology,170,ALTERNATIVE_COURSE
Funmilayo Nzekwe,202546954899FG,190,C4,F9,Biology,C4,Chemistry,A1,Further Mathematics,C5,2.8,Medicine,220,ALTERNATIVE_COURSE
Funmilayo Bello,202543010713HJ,181,C5,C4,Biology,C5,Chemistry,C4,Further Mathematics,C6,3.0,Anatomy,200,BORDERLINE
Josephine Eze,202514488501FG,218,A1,B3,Economics,C6,Commerce,B2,Further Mathematics,C5,3.8,Business Admin,170,QUALIFIED
Victor Nzekwe,202577027278FG,218,B3,C4,Mathematics,E8,Physics,C6,Further Mathematics,B2,3.0,Information Technology,170,ALTERNATIVE_COURSE
Victor Chukwu,202580395512FG,192,C6,C4,Mathematics,C5,Economics,C6,Further Mathematics,B3,3.2,Accounting,170,QUALIFIED
Fatima Adeleke,202514504617EG,193,B3,B3,Mathematics,C4,Physics,B2,Further Mathematics,C5,3.6,Computer Science,180,QUALIFIED
Blessing Anyanwu,202531780782EG,218,C4,E8,Mathematics,B2,Physics,B3,Further Mathematics,B2,3.2,Information Technology,170,ALTERNATIVE_COURSE
Amaka Olawale,202582307681CF,159,E8,C5,Mathematics,C4,Physics,C6,Further Mathematics,B2,2.8,Information Technology,170,REJECTED
Blessing Adeyemi,202584094353EG,160,E8,C5,Literature,C4,Government,A1,Further Mathematics,C4,3.0,Law,200,REJECTED
Daniel Adeyemi,202509881385FG,184,B3,B3,Literature,C4,Government,B2,Further Mathematics,B2,3.8,Law,200,BORDERLINE
Funmilayo Nzekwe,202558702070CF,202,B2,C5,Literature,B3,Government,B2,Further Mathematics,A1,4.0,Law,200,QUALIFIED
Tunde Adeleke,202554538179EG,220,A1,C4,Economics,B2,Commerce,C4,Further Mathematics,C4,3.6,Business Admin,170,QUALIFIED
Tunde Ibrahim,202533294562FG,261,C6,D7,Biology,C4,Chemistry,C4,Further Mathematics,C5,2.8,Medicine,220,ALTERNATIVE_COURSE
Fatima Eze,202559928161FG,240,C4,A1,Mathematics,C4,Physics,B3,Further Mathematics,C4,3.6,Information Technology,170,QUALIFIED
Aisha Nwosu,202576153966FG,204,C6,C4,Biology,C4,Chemistry,C4,Further Mathematics,C5,3.0,Medicine,220,BORDERLINE
Amaka Adeleke,202597581724HJ,209,B2,C5,Biology,C5,Chemistry,C5,Further Mathematics,C6,3.2,Nursing,180,QUALIFIED
Blessing Adeyemi,202532902278FG,174,C4,C5,Biology,C4,Chemistry,C6,Further Mathematics,B3,3.2,Medicine,220,REJECTED
Josephine Nzekwe,202565190986EG,209,C5,C4,Economics,B2,Commerce,D7,Further Mathematics,B3,3.2,Business Admin,170,ALTERNATIVE_COURSE
Ngozi Adeyemi,202540369656HJ,199,A1,D7,Literature,E8,Government,A1,Further Mathematics,C4,3.2,Law,200,REJECTED
Ngozi Olawale,202562422010EG,221,C4,B2,Economics,B2,Commerce,B2,Further Mathematics,C4,3.6,Business Admin,170,QUALIFIED
Tunde Nzekwe,202596927868HJ,181,C5,F9,Mathematics,B2,Economics,B2,Further Mathematics,C6,2.8,Accounting,170,ALTERNATIVE_COURSE
Grace Musa,202584689500HJ,228,B3,B2,Economics,C5,Commerce,C4,Further Mathematics,C6,3.4,Business Admin,170,QUALIFIED
Daniel Ibrahim,202581891371FG,263,B2,C4,Mathematics,C5,Physics,B2,Further Mathematics,C5,3.4,Information Technology,170,QUALIFIED
Peter Musa,202556544209FG,206,D7,C4,Mathematics,A1,Physics,C4,Further Mathematics,D7,3.0,Computer Science,180,REJECTED
Funmilayo Okafor,202547128144EG,224,A1,C4,Literature,B2,Government,A1,Further Mathematics,F9,3.4,Law,200,ALTERNATIVE_COURSE
Oluwaseun Ogundele,202575243728CF,234,B3,B3,Literature,C5,Government,C5,Further Mathematics,D7,3.2,Law,200,ALTERNATIVE_COURSE
Adaeze Anyanwu,202563723950FG,195,F9,E8,Mathematics,C4,Physics,C6,Further Mathematics,C6,2.0,Information Technology,170,REJECTED
Aisha Bello,202566742860FG,217,A1,C4,Biology,C4,Chemistry,C4,Further Mathematics,E8,3.0,Medicine,220,ALTERNATIVE_COURSE
Aisha Ogundele,202556945441FG,210,B3,B3,Mathematics,C4,Economics,E8,Further Mathematics,A1,3.4,Accounting,170,ALTERNATIVE_COURSE
Kelvin Abubakar,202525800106CF,213,C4,C5,Economics,B2,Commerce,C5,Further Mathematics,C6,3.2,Business Admin,170,QUALIFIED
Funmilayo Adeyemi,202509391119EG,182,C5,B3,Biology,C5,Chemistry,B3,Further Mathematics,A1,3.8,Medicine,220,BORDERLINE
Fatima Eze,202547174654EG,210,C5,D7,Economics,C4,Commerce,E8,Further Mathematics,D7,2.2,Business Admin,170,REJECTED
Daniel Nwosu,202571739627CF,227,B3,A1,Biology,B3,Chemistry,F9,Further Mathematics,B3,3.4,Medicine,220,ALTERNATIVE_COURSE
Daniel Adeyemi,202501194707EG,260,C4,C4,Biology,C5,Chemistry,B2,Further Mathematics,C4,3.2,Anatomy,200,QUALIFIED
Peter Okafor,202587766183CF,243,E8,C5,Mathematics,B3,Physics,C5,Further Mathematics,D7,2.6,Computer Science,180,REJECTED
Ngozi Abubakar,202546015851HJ,285,E8,C6,Economics,C4,Commerce,C4,Further Mathematics,E8,2.2,Business Admin,170,REJECTED
Solomon Nzekwe,202515717320EG,183,C5,B2,Literature,A1,Government,B3,Further Mathematics,B2,4.0,Law,200,BORDERLINE
Josephine Ibrahim,202587005050HJ,240,C5,C4,Mathematics,C4,Physics,A1,Further Mathematics,C4,3.4,Computer Science,180,QUALIFIED
Aisha Nwosu,202593102707CF,216,B2,C5,Biology,C4,Chemistry,E8,Further Mathematics,D7,2.6,Medicine,220,REJECTED
Amaka Ibrahim,202592911179EG,286,C5,B2,Biology,B2,Chemistry,A1,Further Mathematics,B3,4.0,Nursing,180,QUALIFIED
Victor Adeyemi,202598253092FG,181,C6,C4,Biology,C6,Chemistry,F9,Further Mathematics,C5,2.4,Medicine,220,ALTERNATIVE_COURSE
Tunde Bello,202590219620HJ,180,B2,B2,Biology,C4,Chemistry,C5,Further Mathematics,C4,3.4,Medicine,220,BORDERLINE
Adaeze Musa,202572324876EG,189,A1,B2,Biology,A1,Chemistry,C5,Further Mathematics,D7,3.8,Medicine,220,ALTERNATIVE_COURSE
Josephine Abubakar,202560833181FG,135,C5,A1,Biology,B2,Chemistry,C4,Further Mathematics,E8,3.2,Anatomy,200,REJECTED
Oluwaseun Ogundele,202577220054EG,191,C4,C5,Biology,B2,Chemistry,A1,Further Mathematics,B2,3.8,Nursing,180,QUALIFIED
Blessing Nzekwe,202582207811EG,183,B3,C5,Economics,D7,Commerce,C4,Further Mathematics,B2,3.2,Business Admin,170,ALTERNATIVE_COURSE
Amaka Abubakar,202531363631HJ,215,C4,B3,Mathematics,B2,Economics,C5,Further Mathematics,B3,3.6,Accounting,170,QUALIFIED
Ngozi Nwosu,202573543520CF,221,A1,C4,Mathematics,B2,Economics,C5,Further Mathematics,B2,3.8,Accounting,170,QUALIFIED
Josephine Adeleke,202529298316HJ,275,B2,D7,Literature,C4,Government,B2,Further Mathematics,B3,3.4,Law,200,ALTERNATIVE_COURSE
Grace Bello,202556939290HJ,243,C4,C6,Biology,B3,Chemistry,C5,Further Mathematics,C5,3.2,Nursing,180,QUALIFIED
Chioma Anyanwu,202517731806EG,189,A1,C4,Mathematics,C6,Physics,A1,Further Mathematics,C4,3.8,Computer Science,180,QUALIFIED
Fatima Musa,202579907726EG,178,B3,B2,Biology,F9,Chemistry,A1,Further Mathematics,C5,3.2,Anatomy,200,REJECTED
Victor Chukwu,202504649893CF,227,C5,C5,Mathematics,A1,Physics,C5,Further Mathematics,B3,3.6,Information Technology,170,QUALIFIED
Amaka Okonkwo,202557905528CF,163,C5,A1,Mathematics,E8,Physics,C5,Further Mathematics,D7,2.8,Information Technology,170,REJECTED
Peter Olawale,202533554864CF,274,B2,B3,Biology,C4,Chemistry,C5,Further Mathematics,C5,3.4,Nursing,180,QUALIFIED
Aisha Ogundele,202584795137CF,251,B3,C4,Biology,C4,Chemistry,C6,Further Mathematics,C4,3.2,Medicine,220,QUALIFIED
Amaka Musa,202527238046EG,193,B3,B2,Biology,E8,Chemistry,A1,Further Mathematics,B2,3.6,Medicine,220,ALTERNATIVE_COURSE
Grace Olawale,202585695579HJ,150,B3,C4,Mathematics,C5,Economics,B3,Further Mathematics,A1,3.8,Accounting,170,REJECTED
Chioma Abubakar,202540254729EG,257,B3,B2,Mathematics,C6,Economics,B2,Further Mathematics,B3,3.8,Accounting,170,QUALIFIED
Fatima Bello,202510592745EG,205,B2,B2,Literature,C5,Government,D7,Further Mathematics,C6,3.2,Law,200,ALTERNATIVE_COURSE
Aisha Nwosu,202584106727FG,253,C4,A1,Biology,B3,Chemistry,B3,Further Mathematics,B3,4.0,Nursing,180,QUALIFIED
Chioma Nzekwe,202549297517CF,154,A1,C5,Biology,F9,Chemistry,B3,Further Mathematics,C5,3.0,Anatomy,200,REJECTED
Ngozi Adeyemi,202550939834EG,189,C5,B2,Biology,A1,Chemistry,C5,Further Mathematics,B2,3.8,Anatomy,200,BORDERLINE
Solomon Bello,202575998056EG,210,A1,C6,Mathematics,C5,Physics,E8,Further Mathematics,F9,2.4,Computer Science,180,REJECTED
Aisha Adeyemi,202537674266EG,211,B3,B3,Economics,B3,Commerce,B3,Further Mathematics,F9,3.2,Business Admin,170,ALTERNATIVE_COURSE
Peter Anyanwu,202561064628HJ,194,B2,B3,Biology,F9,Chemistry,C4,Further Mathematics,B3,3.0,Medicine,220,ALTERNATIVE_COURSE
Josephine Olawale,202594787300EG,231,B2,C6,Biology,B3,Chemistry,C4,Further Mathematics,C6,3.4,Anatomy,200,QUALIFIED
Josephine Okonkwo,202527301471FG,172,B3,C5,Literature,C5,Government,B2,Further Mathematics,C5,3.4,Law,200,REJECTED
Amaka Abubakar,202589042902FG,205,C4,D7,Mathematics,C5,Economics,C4,Further Mathematics,C5,2.8,Accounting,170,ALTERNATIVE_COURSE
Ngozi Okafor,202544818321EG,214,D7,B2,Mathematics,B2,Economics,B3,Further Mathematics,C4,3.4,Accounting,170,ALTERNATIVE_COURSE
Ngozi Adeyemi,202589520284FG,228,D7,C6,Mathematics,C5,Physics,B3,Further Mathematics,C5,3.0,Information Technology,170,ALTERNATIVE_COURSE
Ibrahim Anyanwu,202589888167CF,234,C4,E8,Mathematics,B2,Economics,B2,Further Mathematics,C4,3.0,Accounting,170,ALTERNATIVE_COURSE
Tunde Nzekwe,202598524013EG,170,C6,E8,Biology,C4,Chemistry,B3,Further Mathematics,B3,3.0,Medicine,220,REJECTED
Amaka Adeyemi,202507603108CF,156,C5,B3,Biology,B2,Chemistry,F9,Further Mathematics,C4,2.8,Anatomy,200,REJECTED
Amaka Nzekwe,202593932501EG,254,B2,B3,Mathematics,A1,Economics,C5,Further Mathematics,C6,3.8,Accounting,170,QUALIFIED
Grace Chukwu,202591190833FG,221,E8,B3,Literature,B2,Government,C4,Further Mathematics,C5,3.0,Law,200,ALTERNATIVE_COURSE
Kelvin Olawale,202575927125HJ,183,D7,C4,Biology,F9,Chemistry,A1,Further Mathematics,B2,2.8,Anatomy,200,REJECTED
Amaka Chukwu,202527548015HJ,264,B2,B2,Economics,B2,Commerce,F9,Further Mathematics,B2,3.2,Business Admin,170,ALTERNATIVE_COURSE
Grace Chukwu,202564631752CF,214,B3,C4,Biology,C5,Chemistry,C5,Further Mathematics,C6,3.2,Medicine,220,BORDERLINE
Solomon Okonkwo,202591215353HJ,251,C5,B3,Mathematics,C4,Economics,C5,Further Mathematics,B2,3.4,Accounting,170,QUALIFIED
Peter Eze,202565796784EG,212,B2,C4,Biology,C4,Chemistry,C6,Further Mathematics,C6,3.2,Medicine,220,BORDERLINE
Amaka Musa,202501702695EG,282,B2,B3,Mathematics,C4,Economics,C5,Further Mathematics,B2,3.6,Accounting,170,QUALIFIED
Tunde Bello,202547784858CF,271,C5,A1,Literature,A1,Government,C6,Further Mathematics,C6,3.8,Law,200,QUALIFIED
Tunde Ibrahim,202500284276EG,201,F9,D7,Mathematics,B2,Physics,C4,Further Mathematics,D7,2.2,Computer Science,180,REJECTED
Aisha Adeleke,202577828064HJ,244,C5,C4,Literature,B2,Government,C5,Further Mathematics,C5,3.2,Law,200,QUALIFIED
Blessing Nwosu,202555905616FG,232,C5,B3,Economics,F9,Commerce,B3,Further Mathematics,A1,3.2,Business Admin,170,ALTERNATIVE_COURSE
Chukwuemeka Nzekwe,202514152085CF,257,C4,A1,Mathematics,B2,Physics,B2,Further Mathematics,B3,4.0,Information Technology,170,QUALIFIED
Chioma Adeleke,202505696591HJ,176,C5,C4,Mathematics,C4,Economics,C4,Further Mathematics,A1,3.4,Accounting,170,QUALIFIED
Fatima Adeleke,202545637183FG,234,C5,B2,Biology,C4,Chemistry,C6,Further Mathematics,C5,3.2,Medicine,220,QUALIFIED
Chukwuemeka Musa,202591954198HJ,247,A1,F9,Literature,C4,Government,B2,Further Mathematics,C5,3.0,Law,200,ALTERNATIVE_COURSE
Adaeze Ogundele,202585366498HJ,148,B2,C6,Economics,C5,Commerce,B3,Further Mathematics,C6,3.4,Business Admin,170,REJECTED
Tunde Eze,202589690835HJ,168,D7,C5,Biology,C4,Chemistry,B2,Further Mathematics,C4,3.0,Anatomy,200,REJECTED
Chukwuemeka Ogundele,202536442493HJ,138,B2,C5,Biology,C6,Chemistry,C6,Further Mathematics,C4,3.2,Anatomy,200,REJECTED
Aisha Okonkwo,202560324204FG,200,B2,B2,Biology,B2,Chemistry,C6,Further Mathematics,C4,3.6,Nursing,180,QUALIFIED
Chukwuemeka Abubakar,202594165162EG,235,C5,A1,Biology,C5,Chemistry,C6,Further Mathematics,A1,3.8,Anatomy,200,QUALIFIED
Kelvin Eze,202571391559HJ,262,C4,C4,Biology,B2,Chemistry,C5,Further Mathematics,C4,3.2,Medicine,220,QUALIFIED
Adaeze Eze,202590785158HJ,212,E8,B2,Biology,B2,Chemistry,B2,Further Mathematics,B3,3.4,Nursing,180,ALTERNATIVE_COURSE
Ngozi Olawale,202540900348HJ,267,C5,E8,Mathematics,D7,Economics,E8,Further Mathematics,B3,2.2,Accounting,170,REJECTED
Grace Olawale,202576064413FG,161,C5,C5,Literature,D7,Government,C5,Further Mathematics,C4,2.8,Law,200,REJECTED
Adaeze Anyanwu,202504177656CF,150,D7,B2,Biology,C4,Chemistry,B3,Further Mathematics,C6,3.2,Nursing,180,REJECTED
Victor Ibrahim,202500272063FG,208,C5,C4,Biology,B3,Chemistry,C5,Further Mathematics,C6,3.2,Anatomy,200,QUALIFIED
Oluwaseun Olawale,202596577242FG,223,C4,B2,Mathematics,B2,Physics,C5,Further Mathematics,C6,3.4,Information Technology,170,QUALIFIED
Peter Bello,202500893173FG,208,B2,C4,Literature,B2,Government,D7,Further Mathematics,E8,2.8,Law,200,REJECTED
Fatima Adeleke,202510867713EG,137,A1,C5,Biology,C5,Chemistry,B2,Further Mathematics,E8,3.2,Anatomy,200,REJECTED
Adaeze Olawale,202539343626EG,206,E8,C6,Biology,B3,Chemistry,C5,Further Mathematics,B3,3.0,Nursing,180,ALTERNATIVE_COURSE
Tunde Adeyemi,202507256366FG,164,B3,B3,Mathematics,C5,Physics,D7,Further Mathematics,B3,3.4,Computer Science,180,REJECTED
Funmilayo Ogundele,202590048964HJ,233,A1,A1,Biology,B3,Chemistry,B2,Further Mathematics,D7,4.0,Medicine,220,ALTERNATIVE_COURSE
Chioma Nzekwe,202557215862FG,222,B2,D7,Mathematics,A1,Physics,B2,Further Mathematics,B2,3.8,Information Technology,170,ALTERNATIVE_COURSE
Ngozi Nzekwe,202564494856EG,177,B3,F9,Biology,C4,Chemistry,F9,Further Mathematics,B3,2.2,Medicine,220,REJECTED
Tunde Okafor,202532032074EG,192,C5,C4,Mathematics,E8,Physics,C4,Further Mathematics,E8,2.2,Information Technology,170,REJECTED
Aisha Ibrahim,202577121513FG,172,C4,F9,Mathematics,E8,Economics,A1,Further Mathematics,B3,2.6,Accounting,170,REJECTED
Ibrahim Adeleke,202508926137CF,207,C6,C5,Biology,C6,Chemistry,C4,Further Mathematics,C5,3.0,Anatomy,200,QUALIFIED
Amaka Olawale,202552017774CF,243,A1,C5,Mathematics,C5,Physics,B3,Further Mathematics,C4,3.6,Information Technology,170,QUALIFIED
Peter Nwosu,202530450189HJ,175,E8,C5,Mathematics,E8,Physics,B3,Further Mathematics,C5,2.4,Information Technology,170,REJECTED
Ibrahim Nwosu,202566421476FG,227,B3,B2,Biology,E8,Chemistry,D7,Further Mathematics,A1,3.2,Medicine,220,REJECTED
Solomon Ibrahim,202549961659EG,191,B3,A1,Biology,B3,Chemistry,B2,Further Mathematics,C4,4.0,Anatomy,200,BORDERLINE
Oluwaseun Nzekwe,202578814761HJ,182,C5,A1,Economics,C4,Commerce,F9,Further Mathematics,C5,2.8,Business Admin,170,ALTERNATIVE_COURSE
Josephine Adeleke,202508108186HJ,206,B2,B2,Literature,D7,Government,C6,Further Mathematics,C4,3.2,Law,200,ALTERNATIVE_COURSE
Kelvin Okafor,202517226016FG,173,C4,C5,Biology,C6,Chemistry,B3,Further Mathematics,C4,3.2,Medicine,220,REJECTED
Fatima Bello,202521941680CF,190,C4,C4,Mathematics,C5,Physics,C5,Further Mathematics,B3,3.2,Information Technology,170,QUALIFIED
Funmilayo Musa,202574995641EG,168,B2,B2,Economics,C4,Commerce,C5,Further Mathematics,D7,3.2,Business Admin,170,REJECTED
Ibrahim Ibrahim,202523683147EG,278,A1,B2,Biology,A1,Chemistry,F9,Further Mathematics,D7,3.2,Anatomy,200,REJECTED
Chioma Ibrahim,202507933496CF,211,C4,B2,Mathematics,D7,Economics,C5,Further Mathematics,C4,3.0,Accounting,170,ALTERNATIVE_COURSE
Peter Adeleke,202584076789HJ,185,A1,C5,Mathematics,C5,Physics,F9,Further Mathematics,C6,2.8,Information Technology,170,ALTERNATIVE_COURSE
Adaeze Nzekwe,202571795760EG,217,C5,C4,Biology,C4,Chemistry,B3,Further Mathematics,A1,3.6,Nursing,180,QUALIFIED
Victor Nzekwe,202597246657EG,206,C5,C4,Literature,C4,Government,C4,Further Mathematics,C4,3.0,Law,200,QUALIFIED
Funmilayo Ibrahim,202516743380CF,202,B3,C5,Biology,C5,Chemistry,B2,Further Mathematics,B2,3.6,Nursing,180,QUALIFIED
Blessing Anyanwu,202515619318EG,231,D7,B3,Mathematics,B2,Physics,C6,Further Mathematics,D7,3.0,Information Technology,170,REJECTED
Daniel Nzekwe,202528910771CF,236,B3,B3,Mathematics,B3,Economics,A1,Further Mathematics,D7,3.8,Accounting,170,ALTERNATIVE_COURSE
Ngozi Nwosu,202547871255EG,191,C6,A1,Biology,B2,Chemistry,C5,Further Mathematics,D7,3.4,Medicine,220,ALTERNATIVE_COURSE
Chioma Abubakar,202548214565EG,189,C6,C4,Biology,C4,Chemistry,C6,Further Mathematics,B2,3.2,Medicine,220,BORDERLINE
Adaeze Nzekwe,202578507208CF,200,C6,C4,Biology,C6,Chemistry,B2,Further Mathematics,C4,3.2,Anatomy,200,QUALIFIED
Blessing Ogundele,202529084668FG,129,B3,C4,Biology,C6,Chemistry,C4,Further Mathematics,B3,3.4,Medicine,220,REJECTED
Solomon Ibrahim,202538997563FG,156,D7,A1,Mathematics,B3,Physics,C4,Further Mathematics,E8,3.0,Information Technology,170,REJECTED
Aisha Eze,202531884852CF,257,A1,B3,Biology,C5,Chemistry,C5,Further Mathematics,B2,3.8,Medicine,220,QUALIFIED
Adaeze Chukwu,202510548510CF,267,D7,C4,Mathematics,B3,Physics,C6,Further Mathematics,B3,3.2,Computer Science,180,ALTERNATIVE_COURSE
Peter Adeleke,202589354492HJ,201,B3,C5,Mathematics,C4,Economics,F9,Further Mathematics,C6,2.6,Accounting,170,ALTERNATIVE_COURSE
Oluwaseun Musa,202566110627EG,230,B2,C4,Biology,B2,Chemistry,C6,Further Mathematics,C4,3.4,Nursing,180,QUALIFIED
Daniel Adeleke,202576776228EG,220,A1,C5,Mathematics,C4,Economics,C4,Further Mathematics,C6,3.4,Accounting,170,QUALIFIED
Ibrahim Ibrahim,202570285196CF,317,C5,B2,Mathematics,C5,Economics,D7,Further Mathematics,B2,3.2,Accounting,170,ALTERNATIVE_COURSE
Ngozi Eze,202547022960FG,249,B3,B3,Biology,C4,Chemistry,B2,Further Mathematics,B3,3.8,Medicine,220,QUALIFIED
Blessing Okonkwo,202579497567EG,205,B2,C6,Literature,C4,Government,B2,Further Mathematics,B3,3.6,Law,200,QUALIFIED
Victor Adeyemi,202599663658CF,176,C4,C4,Biology,C4,Chemistry,C4,Further Mathematics,D7,2.8,Anatomy,200,REJECTED
Josephine Chukwu,202518139890EG,153,C5,C5,Mathematics,D7,Economics,C5,Further Mathematics,C4,2.8,Accounting,170,REJECTED
Daniel Anyanwu,202533971895HJ,217,C4,A1,Mathematics,C5,Economics,C4,Further Mathematics,E8,3.0,Accounting,170,ALTERNATIVE_COURSE
Kelvin Abubakar,202564111824EG,183,C4,E8,Mathematics,B3,Physics,B2,Further Mathematics,A1,3.4,Computer Science,180,ALTERNATIVE_COURSE
Funmilayo Abubakar,202520046152HJ,160,B3,A1,Biology,B3,Chemistry,C4,Further Mathematics,B2,4.0,Anatomy,200,REJECTED
Funmilayo Adeleke,202537886140FG,187,B3,E8,Mathematics,D7,Physics,A1,Further Mathematics,B2,3.2,Information Technology,170,REJECTED
Emmanuel Eze,202589138249HJ,172,C4,A1,Mathematics,A1,Economics,C5,Further Mathematics,D7,3.6,Accounting,170,REJECTED
Fatima Anyanwu,202538687007FG,269,A1,C5,Mathematics,B2,Economics,E8,Further Mathematics,B3,3.4,Accounting,170,ALTERNATIVE_COURSE
Solomon Abubakar,202539840289CF,240,A1,E8,Biology,C4,Chemistry,C4,Further Mathematics,C6,3.0,Anatomy,200,ALTERNATIVE_COURSE
Adaeze Bello,202598554743FG,209,A1,C5,Literature,C6,Government,C5,Further Mathematics,F9,2.8,Law,200,ALTERNATIVE_COURSE
Emmanuel Adeleke,202570026876CF,261,B2,E8,Mathematics,B3,Physics,D7,Further Mathematics,B2,3.0,Information Technology,170,REJECTED
Solomon Olawale,202595620175EG,212,C4,D7,Biology,C6,Chemistry,C4,Further Mathematics,B2,3.0,Medicine,220,ALTERNATIVE_COURSE
Ibrahim Adeyemi,202594337504HJ,179,A1,C5,Mathematics,C6,Economics,C5,Further Mathematics,C5,3.4,Accounting,170,QUALIFIED
Kelvin Ibrahim,202528399921EG,263,A1,F9,Biology,C5,Chemistry,B2,Further Mathematics,B3,3.2,Nursing,180,ALTERNATIVE_COURSE
Daniel Bello,202508948706CF,228,B2,E8,Biology,D7,Chemistry,D7,Further Mathematics,C5,2.4,Medicine,220,REJECTED
Ngozi Chukwu,202503046875CF,173,C4,F9,Mathematics,B3,Physics,C5,Further Mathematics,C4,2.6,Information Technology,170,REJECTED
Adaeze Adeyemi,202533254110HJ,203,B2,A1,Economics,C4,Commerce,A1,Further Mathematics,C5,4.0,Business Admin,170,QUALIFIED
Amaka Ibrahim,202535058319HJ,179,C6,C4,Economics,C5,Commerce,B3,Further Mathematics,B3,3.4,Business Admin,170,QUALIFIED
Victor Nzekwe,202512070496CF,161,C5,C4,Biology,A1,Chemistry,A1,Further Mathematics,A1,4.2,Medicine,220,REJECTED
Adaeze Bello,202599076769CF,242,C5,C4,Biology,B3,Chemistry,B3,Further Mathematics,A1,3.8,Medicine,220,QUALIFIED
Amaka Adeyemi,202509193928FG,276,C5,C5,Mathematics,A1,Physics,C4,Further Mathematics,C4,3.4,Information Technology,170,QUALIFIED
Blessing Nwosu,202549685498EG,161,C4,C5,Mathematics,C4,Physics,B2,Further Mathematics,C6,3.2,Information Technology,170,REJECTED
Oluwaseun Okafor,202538806533EG,229,C4,C5,Biology,B3,Chemistry,F9,Further Mathematics,C4,2.6,Anatomy,200,ALTERNATIVE_COURSE
Victor Olawale,202599594652CF,187,B3,C5,Biology,C5,Chemistry,F9,Further Mathematics,C4,2.6,Medicine,220,ALTERNATIVE_COURSE
Grace Ibrahim,202593375636EG,192,D7,D7,Mathematics,C4,Economics,D7,Further Mathematics,C5,2.4,Accounting,170,REJECTED
Ibrahim Ogundele,202595003342EG,189,B3,A1,Mathematics,A1,Physics,B2,Further Mathematics,B3,4.4,Computer Science,180,QUALIFIED
Daniel Nzekwe,202510261534HJ,179,C5,B3,Literature,C4,Government,B2,Further Mathematics,A1,3.8,Law,200,REJECTED
Funmilayo Nzekwe,202561122338HJ,211,B3,B3,Biology,B2,Chemistry,C4,Further Mathematics,C6,3.6,Nursing,180,QUALIFIED
Peter Bello,202584253042HJ,180,B3,C4,Mathematics,C5,Physics,E8,Further Mathematics,C6,2.8,Information Technology,170,ALTERNATIVE_COURSE
Solomon Anyanwu,202585787255HJ,219,C5,C6,Biology,C6,Chemistry,C5,Further Mathematics,B2,3.2,Nursing,180,QUALIFIED
Ibrahim Bello,202537363466EG,208,C4,C4,Mathematics,C5,Economics,C6,Further Mathematics,C5,3.0,Accounting,170,QUALIFIED
Grace Adeleke,202507895677HJ,201,B3,A1,Mathematics,C6,Physics,B3,Further Mathematics,C4,3.8,Information Technology,170,QUALIFIED
Daniel Ogundele,202515148881FG,178,B3,C4,Economics,B3,Commerce,A1,Further Mathematics,C4,3.8,Business Admin,170,QUALIFIED
Victor Eze,202544392840FG,189,A1,A1,Biology,A1,Chemistry,B2,Further Mathematics,B2,4.6,Nursing,180,QUALIFIED
Emmanuel Ibrahim,202582633373HJ,236,C6,C6,Literature,C4,Government,C4,Further Mathematics,C4,3.0,Law,200,QUALIFIED
Adaeze Bello,202577805292FG,227,B3,A1,Mathematics,C6,Economics,C4,Further Mathematics,E8,3.2,Accounting,170,ALTERNATIVE_COURSE
Solomon Anyanwu,202584590902EG,175,C4,C5,Mathematics,B3,Physics,B2,Further Mathematics,C4,3.4,Computer Science,180,REJECTED
Solomon Bello,202561863715HJ,213,C4,C6,Mathematics,D7,Physics,C4,Further Mathematics,B3,3.0,Information Technology,170,ALTERNATIVE_COURSE
Chioma Okafor,202523164334CF,236,A1,B2,Literature,C4,Government,A1,Further Mathematics,C5,4.0,Law,200,QUALIFIED
Fatima Adeyemi,202528671632EG,151,A1,C4,Mathematics,B2,Economics,D7,Further Mathematics,C4,3.4,Accounting,170,REJECTED
Peter Bello,202587430271HJ,229,C4,C5,Literature,C4,Government,C5,Further Mathematics,E8,2.6,Law,200,ALTERNATIVE_COURSE
Chukwuemeka Eze,202575469263EG,186,C4,D7,Biology,D7,Chemistry,C4,Further Mathematics,C4,2.6,Nursing,180,REJECTED
Blessing Bello,202524841376CF,229,C4,D7,Economics,B2,Commerce,C4,Further Mathematics,B3,3.2,Business Admin,170,ALTERNATIVE_COURSE
Daniel Bello,202580701765HJ,183,A1,B2,Mathematics,C6,Physics,B3,Further Mathematics,C4,3.8,Information Technology,170,QUALIFIED
Tunde Ibrahim,202571183727FG,146,B3,A1,Biology,B2,Chemistry,D7,Further Mathematics,B3,3.8,Nursing,180,REJECTED
Solomon Nwosu,202510427523CF,153,B2,A1,Biology,B2,Chemistry,B3,Further Mathematics,C4,4.0,Anatomy,200,REJECTED
Amaka Okonkwo,202547090063EG,211,C4,A1,Biology,C5,Chemistry,C4,Further Mathematics,C5,3.4,Nursing,180,QUALIFIED
Ibrahim Ogundele,202513122068CF,219,D7,B2,Mathematics,A1,Physics,A1,Further Mathematics,A1,4.2,Information Technology,170,ALTERNATIVE_COURSE
Adaeze Adeyemi,202533155206FG,178,B3,C5,Mathematics,C5,Physics,E8,Further Mathematics,B3,3.0,Information Technology,170,REJECTED
Ngozi Okafor,202513649718EG,232,B3,C4,Mathematics,A1,Physics,C6,Further Mathematics,C5,3.6,Computer Science,180,QUALIFIED
Oluwaseun Abubakar,202525715099HJ,151,E8,C4,Literature,F9,Government,C5,Further Mathematics,C5,2.0,Law,200,REJECTED
Emmanuel Adeleke,202514363910EG,207,C4,C5,Economics,C4,Commerce,C5,Further Mathematics,A1,3.4,Business Admin,170,QUALIFIED
Funmilayo Ibrahim,202552450864CF,167,C4,B2,Mathematics,B3,Physics,C5,Further Mathematics,B2,3.6,Information Technology,170,REJECTED
Grace Anyanwu,202539685270CF,187,C6,B3,Biology,B2,Chemistry,C4,Further Mathematics,D7,3.2,Nursing,180,ALTERNATIVE_COURSE
Chukwuemeka Nwosu,202598338167FG,211,A1,B2,Mathematics,C5,Economics,B2,Further Mathematics,B2,4.0,Accounting,170,QUALIFIED
Tunde Ogundele,202534715662HJ,179,C5,B2,Biology,B2,Chemistry,B2,Further Mathematics,B3,3.8,Anatomy,200,REJECTED
Chioma Okafor,202566149828EG,196,C4,C5,Mathematics,C4,Economics,B2,Further Mathematics,E8,2.8,Accounting,170,ALTERNATIVE_COURSE
Victor Nwosu,202573230085HJ,245,B3,B3,Literature,B3,Government,C4,Further Mathematics,C4,3.6,Law,200,QUALIFIED
Peter Adeyemi,202560169236FG,189,E8,E8,Economics,F9,Commerce,B3,Further Mathematics,C4,1.8,Business Admin,170,REJECTED
Adaeze Musa,202533705024HJ,239,C4,C4,Mathematics,C5,Physics,C5,Further Mathematics,C5,3.0,Information Technology,170,QUALIFIED
Chukwuemeka Ogundele,202566918362HJ,170,B3,C5,Biology,E8,Chemistry,C6,Further Mathematics,A1,3.2,Anatomy,200,REJECTED
Adaeze Anyanwu,202511952436FG,228,C5,C4,Literature,C4,Government,D7,Further Mathematics,C4,2.8,Law,200,ALTERNATIVE_COURSE
Kelvin Okonkwo,202546225223HJ,260,F9,C6,Mathematics,A1,Physics,A1,Further Mathematics,C5,3.2,Computer Science,180,ALTERNATIVE_COURSE
Fatima Anyanwu,202534679121FG,123,C4,B2,Biology,C4,Chemistry,B2,Further Mathematics,B2,3.6,Anatomy,200,REJECTED
Amaka Okafor,202504090138CF,182,B3,B3,Biology,B3,Chemistry,C4,Further Mathematics,C4,3.6,Medicine,220,BORDERLINE
Victor Adeleke,202565555356HJ,230,C5,F9,Economics,C6,Commerce,E8,Further Mathematics,C4,2.0,Business Admin,170,REJECTED
Solomon Musa,202520918435HJ,202,F9,D7,Mathematics,C6,Physics,A1,Further Mathematics,D7,2.4,Computer Science,180,REJECTED
Victor Okafor,202550573976CF,222,C4,C5,Mathematics,A1,Economics,C5,Further Mathematics,E8,3.0,Accounting,170,ALTERNATIVE_COURSE
Amaka Musa,202564932898CF,188,C4,E8,Mathematics,E8,Physics,F9,Further Mathematics,D7,1.4,Information Technology,170,REJECTED
Tunde Nwosu,202571783332CF,213,C4,A1,Biology,C6,Chemistry,F9,Further Mathematics,F9,2.2,Anatomy,200,REJECTED
Daniel Bello,202547128715EG,204,C4,C5,Biology,B2,Chemistry,E8,Further Mathematics,D7,2.6,Medicine,220,REJECTED
Aisha Olawale,202563341411CF,250,C5,B3,Biology,C5,Chemistry,C5,Further Mathematics,B3,3.4,Medicine,220,QUALIFIED
Victor Okonkwo,202590409836HJ,218,C5,E8,Mathematics,C5,Physics,B2,Further Mathematics,B3,3.0,Information Technology,170,ALTERNATIVE_COURSE
Peter Bello,202516087524EG,221,C6,C6,Mathematics,E8,Physics,B2,Further Mathematics,C5,2.8,Information Technology,170,ALTERNATIVE_COURSE
Blessing Adeleke,202554814973HJ,195,C5,B2,Mathematics,B3,Economics,C5,Further Mathematics,C6,3.4,Accounting,170,QUALIFIED
Ibrahim Olawale,202530276420HJ,192,C5,B3,Literature,F9,Government,B3,Further Mathematics,C6,2.8,Law,200,ALTERNATIVE_COURSE
Josephine Eze,202538612590FG,194,C4,C4,Mathematics,B3,Physics,B3,Further Mathematics,A1,3.8,Information Technology,170,QUALIFIED
Ibrahim Bello,202530591266EG,223,C5,C4,Mathematics,C4,Economics,C4,Further Mathematics,D7,2.8,Accounting,170,ALTERNATIVE_COURSE
Victor Adeleke,202562630136HJ,195,A1,F9,Mathematics,B2,Physics,A1,Further Mathematics,F9,2.8,Computer Science,180,REJECTED
Chukwuemeka Anyanwu,202576475011CF,220,C5,E8,Literature,C5,Government,B3,Further Mathematics,C5,2.8,Law,200,ALTERNATIVE_COURSE
Peter Ibrahim,202541926764EG,282,C4,C5,Biology,C4,Chemistry,A1,Further Mathematics,C4,3.4,Medicine,220,QUALIFIED
Emmanuel Okonkwo,202588871898CF,240,B3,C5,Biology,D7,Chemistry,C4,Further Mathematics,C4,3.0,Medicine,220,ALTERNATIVE_COURSE
Aisha Ibrahim,202551029321FG,198,E8,D7,Biology,B2,Chemistry,C4,Further Mathematics,B2,2.8,Nursing,180,REJECTED
Emmanuel Bello,202540848729HJ,252,A1,B2,Mathematics,B3,Physics,E8,Further Mathematics,B2,3.6,Computer Science,180,ALTERNATIVE_COURSE
Amaka Ogundele,202503032432EG,195,C4,F9,Mathematics,B3,Physics,C4,Further Mathematics,B2,2.8,Information Technology,170,ALTERNATIVE_COURSE
Fatima Okonkwo,202571462831FG,138,B3,C5,Mathematics,C4,Physics,C4,Further Mathematics,B3,3.4,Information Technology,170,REJECTED
Oluwaseun Abubakar,202566093141CF,174,C5,C4,Biology,C5,Chemistry,C4,Further Mathematics,B2,3.2,Nursing,180,REJECTED
Grace Eze,202501636112FG,144,A1,C5,Economics,B3,Commerce,B3,Further Mathematics,B3,4.0,Business Admin,170,REJECTED
Amaka Nzekwe,202502562588HJ,197,A1,B3,Mathematics,C4,Economics,B3,Further Mathematics,B3,4.0,Accounting,170,QUALIFIED
Oluwaseun Okonkwo,202594053967EG,210,C4,B3,Mathematics,C5,Economics,C5,Further Mathematics,C5,3.2,Accounting,170,QUALIFIED
Grace Eze,202514651113CF,268,F9,C6,Mathematics,C4,Economics,B3,Further Mathematics,C4,2.6,Accounting,170,ALTERNATIVE_COURSE
Emmanuel Okonkwo,202582778816CF,221,C4,A1,Biology,B3,Chemistry,E8,Further Mathematics,C6,3.2,Anatomy,200,ALTERNATIVE_COURSE
Grace Musa,202589097283EG,202,D7,C5,Biology,C5,Chemistry,C5,Further Mathematics,C5,2.8,Nursing,180,ALTERNATIVE_COURSE
Fatima Abubakar,202515381447FG,239,B3,B2,Biology,B3,Chemistry,A1,Further Mathematics,C4,4.0,Medicine,220,QUALIFIED
Kelvin Olawale,202507970509HJ,132,B2,C5,Literature,C4,Government,B2,Further Mathematics,B3,3.6,Law,200,REJECTED
Emmanuel Adeyemi,202567318826CF,218,B3,B2,Mathematics,B3,Physics,C5,Further Mathematics,C4,3.6,Information Technology,170,QUALIFIED
Ngozi Okonkwo,202528417722FG,236,A1,C6,Mathematics,B3,Economics,C4,Further Mathematics,B3,3.8,Accounting,170,QUALIFIED
Oluwaseun Okonkwo,202565023741HJ,158,A1,D7,Economics,C5,Commerce,B2,Further Mathematics,B3,3.6,Business Admin,170,REJECTED
Solomon Chukwu,202562110225CF,250,C4,C6,Mathematics,C5,Economics,B3,Further Mathematics,C6,3.2,Accounting,170,QUALIFIED
Chioma Eze,202547163928EG,221,A1,C6,Biology,C4,Chemistry,C4,Further Mathematics,A1,3.8,Nursing,180,QUALIFIED
Adaeze Bello,202571892392EG,195,B3,B2,Biology,B3,Chemistry,C5,Further Mathematics,C5,3.6,Nursing,180,QUALIFIED
Funmilayo Bello,202510668433FG,232,B2,A1,Biology,F9,Chemistry,E8,Further Mathematics,C4,2.6,Medicine,220,REJECTED
Daniel Abubakar,202563502000FG,289,C4,C4,Economics,C5,Commerce,B3,Further Mathematics,B3,3.4,Business Admin,170,QUALIFIED
Chioma Abubakar,202554110825FG,216,B3,B3,Biology,C5,Chemistry,C4,Further Mathematics,B3,3.6,Nursing,180,QUALIFIED
Peter Okonkwo,202511291093EG,218,C5,C4,Mathematics,C5,Physics,B2,Further Mathematics,B3,3.4,Information Technology,170,QUALIFIED
Ibrahim Chukwu,202520236848FG,193,E8,A1,Mathematics,C4,Economics,B3,Further Mathematics,C5,3.2,Accounting,170,ALTERNATIVE_COURSE
Kelvin Anyanwu,202502942409CF,180,C4,C5,Mathematics,D7,Physics,A1,Further Mathematics,C4,3.2,Information Technology,170,ALTERNATIVE_COURSE
Fatima Ibrahim,202586866943EG,239,C5,B3,Biology,C5,Chemistry,D7,Further Mathematics,F9,2.4,Nursing,180,REJECTED
Tunde Chukwu,202584434481EG,180,B2,B2,Mathematics,C5,Physics,D7,Further Mathematics,C6,3.2,Computer Science,180,ALTERNATIVE_COURSE
Oluwaseun Eze,202503381059FG,212,A1,B2,Biology,A1,Chemistry,B2,Further Mathematics,D7,4.0,Nursing,180,ALTERNATIVE_COURSE
Funmilayo Eze,202550053424CF,193,A1,C5,Mathematics,C4,Physics,C5,Further Mathematics,C4,3.4,Information Technology,170,QUALIFIED
Funmilayo Chukwu,202537354396EG,226,C5,C5,Biology,E8,Chemistry,B3,Further Mathematics,C5,2.8,Medicine,220,ALTERNATIVE_COURSE
Fatima Ibrahim,202522397240FG,221,B2,C5,Mathematics,B3,Economics,D7,Further Mathematics,A1,3.6,Accounting,170,ALTERNATIVE_COURSE
Adaeze Bello,202576182091HJ,246,D7,C6,Biology,C5,Chemistry,B2,Further Mathematics,B2,3.2,Anatomy,200,ALTERNATIVE_COURSE
Grace Anyanwu,202514290018FG,192,A1,C6,Economics,C6,Commerce,C5,Further Mathematics,A1,3.8,Business Admin,170,QUALIFIED
Victor Ibrahim,202523084810CF,200,B2,C4,Biology,C4,Chemistry,C4,Further Mathematics,B2,3.4,Medicine,220,BORDERLINE
Grace Okafor,202536625436CF,175,C4,B2,Biology,D7,Chemistry,C4,Further Mathematics,A1,3.4,Medicine,220,REJECTED
Funmilayo Abubakar,202515109226FG,194,B2,B2,Mathematics,B2,Economics,E8,Further Mathematics,B3,3.4,Accounting,170,ALTERNATIVE_COURSE
Ngozi Nzekwe,202514754102EG,223,C5,B2,Biology,C5,Chemistry,B3,Further Mathematics,C6,3.4,Anatomy,200,QUALIFIED
Amaka Adeleke,202564215226FG,236,B2,C4,Mathematics,C6,Physics,F9,Further Mathematics,C6,2.6,Information Technology,170,ALTERNATIVE_COURSE
Oluwaseun Anyanwu,202536687887EG,177,C4,C4,Mathematics,F9,Physics,C5,Further Mathematics,C5,2.4,Information Technology,170,REJECTED
Grace Musa,202513503058HJ,240,A1,C5,Economics,C4,Commerce,C6,Further Mathematics,C6,3.4,Business Admin,170,QUALIFIED
Oluwaseun Eze,202572863330EG,257,E8,A1,Biology,B3,Chemistry,C6,Further Mathematics,D7,3.0,Anatomy,200,REJECTED
Ngozi Okafor,202519179202FG,224,E8,C5,Biology,B3,Chemistry,A1,Further Mathematics,E8,2.8,Medicine,220,REJECTED
Fatima Ibrahim,202528476570FG,275,A1,A1,Biology,C4,Chemistry,C6,Further Mathematics,B2,4.0,Anatomy,200,QUALIFIED
Emmanuel Okonkwo,202567849843HJ,182,B2,D7,Biology,A1,Chemistry,C6,Further Mathematics,C4,3.4,Medicine,220,ALTERNATIVE_COURSE
Solomon Adeleke,202503628917HJ,166,B3,A1,Biology,B3,Chemistry,E8,Further Mathematics,C5,3.4,Anatomy,200,REJECTED
Adaeze Bello,202541115950EG,147,C5,C4,Mathematics,B3,Physics,A1,Further Mathematics,B3,3.8,Information Technology,170,REJECTED
Ibrahim Chukwu,202530341990HJ,262,B2,B2,Literature,B2,Government,A1,Further Mathematics,D7,3.8,Law,200,ALTERNATIVE_COURSE
Solomon Chukwu,202535652156CF,232,A1,A1,Mathematics,B3,Physics,F9,Further Mathematics,C6,3.4,Computer Science,180,ALTERNATIVE_COURSE
Fatima Nwosu,202571133228FG,208,A1,C6,Biology,C4,Chemistry,D7,Further Mathematics,A1,3.6,Anatomy,200,ALTERNATIVE_COURSE
Solomon Bello,202539912971CF,219,C6,B3,Mathematics,B3,Economics,D7,Further Mathematics,C4,3.2,Accounting,170,ALTERNATIVE_COURSE
Chioma Adeyemi,202575242149FG,170,C6,B3,Biology,D7,Chemistry,C6,Further Mathematics,D7,2.8,Anatomy,200,REJECTED
Daniel Anyanwu,202572197054HJ,295,A1,B2,Mathematics,C6,Physics,B3,Further Mathematics,C4,3.8,Information Technology,170,QUALIFIED
Victor Abubakar,202516874090EG,214,D7,D7,Economics,B2,Commerce,B3,Further Mathematics,C6,3.0,Business Admin,170,REJECTED
Grace Okonkwo,202571577871CF,213,B2,B2,Mathematics,B3,Physics,C4,Further Mathematics,D7,3.4,Computer Science,180,ALTERNATIVE_COURSE
Victor Adeyemi,202555973714HJ,235,C5,D7,Biology,E8,Chemistry,C6,Further Mathematics,B2,2.6,Anatomy,200,REJECTED
Funmilayo Anyanwu,202560567303CF,226,C4,E8,Mathematics,B2,Physics,B2,Further Mathematics,C4,3.0,Computer Science,180,ALTERNATIVE_COURSE
Josephine Olawale,202576834201HJ,217,B3,C5,Economics,A1,Commerce,A1,Further Mathematics,C4,4.0,Business Admin,170,QUALIFIED
Aisha Musa,202526596089EG,182,E8,B3,Mathematics,B2,Physics,E8,Further Mathematics,C4,2.6,Information Technology,170,REJECTED
Victor Okafor,202527275164CF,226,C5,C4,Biology,B2,Chemistry,C5,Further Mathematics,C6,3.2,Medicine,220,QUALIFIED
Blessing Bello,202536829635EG,275,E8,D7,Mathematics,C5,Economics,C5,Further Mathematics,C4,2.4,Accounting,170,REJECTED
Josephine Chukwu,202517766558HJ,257,F9,C4,Biology,A1,Chemistry,C6,Further Mathematics,A1,3.2,Nursing,180,ALTERNATIVE_COURSE
Aisha Okonkwo,202564649111CF,265,B2,B2,Mathematics,C4,Physics,B2,Further Mathematics,C4,3.6,Information Technology,170,QUALIFIED
Amaka Ogundele,202578904633HJ,192,C5,C4,Mathematics,C4,Physics,C6,Further Mathematics,E8,2.6,Computer Science,180,ALTERNATIVE_COURSE
Tunde Okonkwo,202560538444FG,175,B2,D7,Economics,E8,Commerce,B3,Further Mathematics,C6,2.8,Business Admin,170,REJECTED
Ngozi Olawale,202589552963HJ,205,C5,A1,Economics,D7,Commerce,A1,Further Mathematics,A1,4.0,Business Admin,170,ALTERNATIVE_COURSE
Solomon Musa,202526582631EG,211,C5,B3,Biology,A1,Chemistry,E8,Further Mathematics,C4,3.2,Nursing,180,ALTERNATIVE_COURSE
Aisha Nwosu,202553110609EG,248,C5,C6,Biology,C6,Chemistry,C5,Further Mathematics,B3,3.2,Medicine,220,QUALIFIED
Oluwaseun Ibrahim,202552334383HJ,150,C5,C4,Mathematics,F9,Physics,C4,Further Mathematics,A1,2.8,Computer Science,180,REJECTED
Peter Olawale,202511791124FG,263,C5,B3,Literature,E8,Government,C5,Further Mathematics,C5,2.8,Law,200,ALTERNATIVE_COURSE
Chioma Anyanwu,202506171366FG,204,A1,C4,Biology,B3,Chemistry,C6,Further Mathematics,B3,3.8,Anatomy,200,QUALIFIED
Funmilayo Olawale,202501557998CF,195,C6,B2,Mathematics,A1,Economics,B2,Further Mathematics,C4,3.8,Accounting,170,QUALIFIED
Kelvin Chukwu,202523513052EG,174,C4,B3,Biology,B2,Chemistry,C5,Further Mathematics,C4,3.4,Anatomy,200,REJECTED
Ngozi Musa,202584776863FG,152,C5,E8,Biology,B3,Chemistry,C4,Further Mathematics,E8,2.4,Medicine,220,REJECTED
Peter Eze,202523767694FG,238,B2,C6,Biology,C5,Chemistry,E8,Further Mathematics,B2,3.0,Anatomy,200,ALTERNATIVE_COURSE
Chukwuemeka Ibrahim,202520849649FG,212,C5,C4,Biology,C4,Chemistry,B3,Further Mathematics,C5,3.2,Medicine,220,BORDERLINE
Chukwuemeka Bello,202555251050FG,164,A1,B2,Economics,B3,Commerce,C6,Further Mathematics,B3,4.0,Business Admin,170,REJECTED
Funmilayo Bello,202583184919HJ,164,C4,C6,Biology,D7,Chemistry,C4,Further Mathematics,B3,3.0,Nursing,180,REJECTED
Daniel Okonkwo,202511729596EG,198,B3,B3,Economics,B2,Commerce,C6,Further Mathematics,C4,3.6,Business Admin,170,QUALIFIED
Josephine Nwosu,202560880501HJ,268,B3,C5,Mathematics,D7,Physics,F9,Further Mathematics,D7,2.2,Computer Science,180,REJECTED
Chukwuemeka Chukwu,202557906477CF,200,C6,C4,Biology,B3,Chemistry,B3,Further Mathematics,B3,3.6,Medicine,220,BORDERLINE
Victor Olawale,202563213580CF,157,E8,B2,Mathematics,B2,Physics,C6,Further Mathematics,B2,3.2,Information Technology,170,REJECTED
Funmilayo Anyanwu,202564229712FG,201,D7,A1,Literature,A1,Government,B3,Further Mathematics,B3,4.0,Law,200,ALTERNATIVE_COURSE
Amaka Chukwu,202583977457EG,200,C6,D7,Biology,E8,Chemistry,C4,Further Mathematics,C4,2.4,Anatomy,200,REJECTED
Ibrahim Musa,202511703037HJ,120,B3,B3,Biology,A1,Chemistry,C4,Further Mathematics,D7,3.6,Medicine,220,REJECTED
Victor Anyanwu,202547281235HJ,208,C4,B3,Biology,C6,Chemistry,C6,Further Mathematics,C4,3.2,Nursing,180,QUALIFIED
Fatima Ogundele,202549127113CF,201,D7,C4,Mathematics,C6,Economics,B2,Further Mathematics,B3,3.2,Accounting,170,ALTERNATIVE_COURSE
Aisha Adeyemi,202556326868FG,234,B2,A1,Mathematics,C5,Economics,C4,Further Mathematics,B3,3.8,Accounting,170,QUALIFIED
Ibrahim Eze,202536294897HJ,274,C4,B3,Mathematics,A1,Physics,B3,Further Mathematics,E8,3.4,Computer Science,180,ALTERNATIVE_COURSE
Blessing Adeleke,202543181439HJ,249,C5,C5,Biology,E8,Chemistry,B2,Further Mathematics,A1,3.2,Medicine,220,ALTERNATIVE_COURSE
Fatima Anyanwu,202535494012HJ,200,B3,B2,Economics,C6,Commerce,C5,Further Mathematics,C4,3.4,Business Admin,170,QUALIFIED
Victor Nzekwe,202572076502FG,171,D7,C5,Literature,B2,Government,C5,Further Mathematics,B2,3.2,Law,200,REJECTED
Emmanuel Ibrahim,202537100943EG,300,B2,C6,Biology,A1,Chemistry,B3,Further Mathematics,C4,3.8,Medicine,220,QUALIFIED
Ngozi Chukwu,202547457054FG,212,C6,A1,Biology,C6,Chemistry,B3,Further Mathematics,C4,3.6,Anatomy,200,QUALIFIED
Grace Ogundele,202525703965EG,210,B2,C5,Mathematics,C5,Economics,A1,Further Mathematics,F9,3.0,Accounting,170,ALTERNATIVE_COURSE
Aisha Nzekwe,202578245569HJ,209,B2,E8,Biology,C5,Chemistry,E8,Further Mathematics,D7,2.2,Medicine,220,REJECTED
Adaeze Anyanwu,202579541072HJ,216,B3,A1,Literature,C4,Government,B3,Further Mathematics,C5,3.8,Law,200,QUALIFIED
Chukwuemeka Anyanwu,202540703491CF,204,C4,B3,Biology,C4,Chemistry,B2,Further Mathematics,C4,3.4,Anatomy,200,QUALIFIED
Ngozi Nzekwe,202548821423HJ,189,B3,C4,Mathematics,C5,Economics,A1,Further Mathematics,B3,3.8,Accounting,170,QUALIFIED
Solomon Okonkwo,202561449429HJ,190,B3,A1,Biology,E8,Chemistry,B2,Further Mathematics,C5,3.4,Medicine,220,ALTERNATIVE_COURSE
Ibrahim Eze,202541497826HJ,208,C6,B2,Mathematics,C6,Physics,B3,Further Mathematics,C4,3.4,Information Technology,170,QUALIFIED
Tunde Abubakar,202567667080HJ,190,B2,C4,Biology,B3,Chemistry,E8,Further Mathematics,C5,3.0,Medicine,220,ALTERNATIVE_COURSE
Oluwaseun Adeleke,202589406260HJ,185,C6,C5,Biology,B3,Chemistry,B2,Further Mathematics,C4,3.4,Medicine,220,BORDERLINE
Funmilayo Adeyemi,202549750198CF,213,C6,A1,Mathematics,B3,Economics,F9,Further Mathematics,B2,3.2,Accounting,170,ALTERNATIVE_COURSE
Oluwaseun Eze,202540793110EG,201,C4,C4,Biology,E8,Chemistry,B2,Further Mathematics,D7,2.6,Nursing,180,REJECTED
Solomon Okafor,202514672384HJ,262,C4,B2,Biology,B2,Chemistry,A1,Further Mathematics,C4,3.8,Medicine,220,QUALIFIED
Fatima Chukwu,202583774419HJ,120,C4,C5,Biology,B2,Chemistry,C6,Further Mathematics,C5,3.2,Medicine,220,REJECTED
Adaeze Nwosu,202504719609FG,248,C5,B3,Mathematics,C5,Physics,B2,Further Mathematics,C4,3.4,Information Technology,170,QUALIFIED
Oluwaseun Ibrahim,202574025883FG,253,C5,D7,Mathematics,C5,Physics,A1,Further Mathematics,D7,3.0,Computer Science,180,REJECTED
Tunde Musa,202524461767EG,137,C4,B2,Economics,B2,Commerce,C5,Further Mathematics,C4,3.4,Business Admin,170,REJECTED
Solomon Adeyemi,202500231177FG,198,B2,B3,Literature,E8,Government,B3,Further Mathematics,C5,3.2,Law,200,ALTERNATIVE_COURSE
Fatima Musa,202566109410CF,196,F9,C6,Biology,C5,Chemistry,B2,Further Mathematics,D7,2.4,Nursing,180,REJECTED
Tunde Okonkwo,202529833477FG,160,C6,C5,Mathematics,C6,Economics,E8,Further Mathematics,B3,2.8,Accounting,170,REJECTED
Peter Okafor,202513020569CF,182,B2,B2,Biology,C6,Chemistry,C6,Further Mathematics,B2,3.6,Nursing,180,QUALIFIED
Ibrahim Adeleke,202578559821HJ,171,B2,C5,Mathematics,D7,Physics,C5,Further Mathematics,C4,3.0,Information Technology,170,REJECTED
Amaka Adeyemi,202573098503FG,271,C5,D7,Economics,C4,Commerce,B2,Further Mathematics,C4,3.0,Business Admin,170,ALTERNATIVE_COURSE
Aisha Adeleke,202538984690CF,242,B3,B3,Literature,D7,Government,B2,Further Mathematics,B3,3.6,Law,200,ALTERNATIVE_COURSE
Ibrahim Abubakar,202502385037CF,254,E8,F9,Mathematics,C5,Economics,A1,Further Mathematics,C4,2.4,Accounting,170,REJECTED
Aisha Ibrahim,202524010783FG,235,B3,A1,Mathematics,C4,Physics,C5,Further Mathematics,E8,3.2,Computer Science,180,ALTERNATIVE_COURSE
Emmanuel Anyanwu,202538960870HJ,170,C4,C6,Economics,D7,Commerce,B2,Further Mathematics,E8,2.6,Business Admin,170,REJECTED
Funmilayo Nzekwe,202555356033CF,191,C5,C4,Economics,C4,Commerce,B2,Further Mathematics,C4,3.2,Business Admin,170,QUALIFIED
Emmanuel Olawale,202530102724CF,227,B2,C5,Mathematics,D7,Physics,C6,Further Mathematics,C4,3.0,Computer Science,180,ALTERNATIVE_COURSE
Chioma Ogundele,202511148375EG,167,B3,C5,Mathematics,B2,Physics,B3,Further Mathematics,C5,3.6,Information Technology,170,REJECTED
Kelvin Nzekwe,202545881056HJ,234,C5,E8,Mathematics,C6,Economics,B3,Further Mathematics,C5,2.8,Accounting,170,ALTERNATIVE_COURSE
Aisha Bello,202515203771CF,201,A1,D7,Literature,C6,Government,C4,Further Mathematics,B3,3.4,Law,200,ALTERNATIVE_COURSE
Blessing Eze,202596706670EG,196,C6,B3,Mathematics,C4,Economics,B3,Further Mathematics,E8,3.0,Accounting,170,ALTERNATIVE_COURSE
Ngozi Nzekwe,202509549305HJ,234,B3,C5,Biology,C4,Chemistry,C5,Further Mathematics,A1,3.6,Nursing,180,QUALIFIED
Josephine Olawale,202587699842HJ,225,C6,E8,Economics,C6,Commerce,C6,Further Mathematics,C4,2.6,Business Admin,170,ALTERNATIVE_COURSE
Daniel Adeyemi,202538459609FG,197,C5,E8,Mathematics,B2,Economics,A1,Further Mathematics,C6,3.2,Accounting,170,ALTERNATIVE_COURSE
Josephine Adeleke,202554277070HJ,250,B3,B3,Mathematics,C5,Physics,C6,Further Mathematics,A1,3.8,Information Technology,170,QUALIFIED
Chukwuemeka Eze,202598517244FG,172,E8,C4,Mathematics,C6,Physics,B2,Further Mathematics,A1,3.2,Computer Science,180,REJECTED
Amaka Ogundele,202502879508EG,231,B2,C5,Mathematics,B2,Economics,C5,Further Mathematics,A1,3.8,Accounting,170,QUALIFIED
Ngozi Chukwu,202509351187CF,230,E8,F9,Mathematics,F9,Physics,A1,Further Mathematics,C6,1.8,Computer Science,180,REJECTED
Adaeze Nzekwe,202542059556FG,199,B2,B3,Biology,B3,Chemistry,C6,Further Mathematics,C4,3.6,Medicine,220,BORDERLINE
Oluwaseun Nzekwe,202590193588FG,221,E8,B3,Mathematics,A1,Economics,B3,Further Mathematics,B3,3.6,Accounting,170,ALTERNATIVE_COURSE
Chukwuemeka Adeyemi,202539898681CF,166,B3,C4,Biology,C5,Chemistry,B2,Further Mathematics,C6,3.4,Nursing,180,REJECTED
Grace Abubakar,202535375137HJ,242,C5,C4,Mathematics,B3,Economics,B2,Further Mathematics,C4,3.4,Accounting,170,QUALIFIED
Grace Ibrahim,202563928369EG,203,A1,C4,Mathematics,A1,Physics,B3,Further Mathematics,C4,4.0,Information Technology,170,QUALIFIED
Oluwaseun Adeleke,202573270216FG,191,C6,B3,Literature,B2,Government,C4,Further Mathematics,C4,3.4,Law,200,BORDERLINE
Chukwuemeka Nwosu,202588665268EG,246,C5,B2,Mathematics,A1,Economics,C4,Further Mathematics,C5,3.6,Accounting,170,QUALIFIED
Blessing Adeyemi,202557676472EG,185,B2,D7,Literature,D7,Government,C4,Further Mathematics,C5,2.8,Law,200,REJECTED
Victor Ibrahim,202528941347FG,160,B2,A1,Biology,C4,Chemistry,C5,Further Mathematics,C4,3.6,Medicine,220,REJECTED
Victor Okonkwo,202552203684FG,155,C4,D7,Mathematics,C4,Physics,C6,Further Mathematics,C4,2.8,Computer Science,180,REJECTED
Fatima Eze,202549134213EG,231,B3,B2,Biology,B3,Chemistry,C4,Further Mathematics,B2,3.8,Medicine,220,QUALIFIED
Chioma Olawale,202505349678EG,165,C4,A1,Mathematics,D7,Physics,C4,Further Mathematics,B2,3.4,Computer Science,180,REJECTED
Adaeze Ibrahim,202541241513CF,271,B3,B2,Mathematics,C5,Economics,C6,Further Mathematics,C4,3.4,Accounting,170,QUALIFIED
Chukwuemeka Musa,202550618538CF,137,B2,B3,Mathematics,C4,Physics,C5,Further Mathematics,C5,3.4,Information Technology,170,REJECTED
Chioma Nwosu,202572742318EG,269,B2,C4,Mathematics,D7,Physics,B2,Further Mathematics,B2,3.4,Computer Science,180,ALTERNATIVE_COURSE
Daniel Adeleke,202569357824EG,217,C4,C4,Mathematics,C5,Physics,C5,Further Mathematics,A1,3.4,Computer Science,180,QUALIFIED
Josephine Adeyemi,202531467536CF,206,C5,C4,Literature,C5,Government,C4,Further Mathematics,C4,3.0,Law,200,QUALIFIED
Chioma Olawale,202579630448EG,190,C4,B3,Biology,B2,Chemistry,C5,Further Mathematics,C5,3.4,Anatomy,200,BORDERLINE
Tunde Okonkwo,202564047350FG,223,A1,C6,Economics,B3,Commerce,B3,Further Mathematics,B3,4.0,Business Admin,170,QUALIFIED
Funmilayo Adeleke,202552980061FG,208,C4,C4,Mathematics,B2,Economics,B2,Further Mathematics,C5,3.4,Accounting,170,QUALIFIED
Ibrahim Nwosu,202586342556EG,248,C6,C4,Mathematics,C5,Physics,C4,Further Mathematics,B3,3.2,Information Technology,170,QUALIFIED
Solomon Anyanwu,202570244033CF,213,E8,A1,Biology,A1,Chemistry,E8,Further Mathematics,B2,3.2,Nursing,180,REJECTED
Daniel Olawale,202511186008EG,215,C5,C6,Literature,B3,Government,C4,Further Mathematics,C6,3.2,Law,200,QUALIFIED
Victor Okonkwo,202580447314HJ,197,C5,C6,Biology,B2,Chemistry,C5,Further Mathematics,B3,3.4,Medicine,220,BORDERLINE
Aisha Chukwu,202536076581HJ,208,B3,A1,Economics,E8,Commerce,C4,Further Mathematics,C4,3.2,Business Admin,170,ALTERNATIVE_COURSE
Amaka Ogundele,202545211823HJ,220,C4,A1,Biology,C6,Chemistry,C4,Further Mathematics,C4,3.4,Nursing,180,QUALIFIED
Grace Okafor,202574645205HJ,150,A1,C4,Biology,C6,Chemistry,C4,Further Mathematics,C6,3.4,Nursing,180,REJECTED
Grace Abubakar,202577881161HJ,162,B3,B2,Mathematics,C4,Physics,C4,Further Mathematics,C4,3.4,Computer Science,180,REJECTED
Amaka Okafor,202567287286HJ,236,C6,B2,Biology,C5,Chemistry,B2,Further Mathematics,C4,3.4,Anatomy,200,QUALIFIED
Kelvin Abubakar,202595922483FG,215,B3,C4,Mathematics,B3,Physics,E8,Further Mathematics,C5,3.0,Computer Science,180,ALTERNATIVE_COURSE
Oluwaseun Nwosu,202587056227CF,203,C4,B2,Literature,B3,Government,C5,Further Mathematics,F9,2.8,Law,200,ALTERNATIVE_COURSE
Blessing Adeleke,202579215835CF,210,B3,B2,Mathematics,C5,Physics,C4,Further Mathematics,B3,3.6,Computer Science,180,QUALIFIED
Funmilayo Anyanwu,202564883192CF,222,B3,C6,Biology,D7,Chemistry,C4,Further Mathematics,B3,3.2,Nursing,180,ALTERNATIVE_COURSE
Solomon Abubakar,202599949732CF,191,B3,B3,Biology,B2,Chemistry,C6,Further Mathematics,C4,3.6,Nursing,180,QUALIFIED
Emmanuel Abubakar,202510287675FG,182,F9,A1,Biology,C6,Chemistry,B2,Further Mathematics,B2,3.2,Nursing,180,ALTERNATIVE_COURSE
Kelvin Abubakar,202581932426HJ,216,B2,B3,Biology,C6,Chemistry,C5,Further Mathematics,B3,3.6,Medicine,220,BORDERLINE
Fatima Okafor,202557563983HJ,175,C5,B3,Mathematics,B2,Economics,D7,Further Mathematics,C5,3.2,Accounting,170,REJECTED
Emmanuel Adeleke,202545154809FG,224,B2,C5,Mathematics,A1,Physics,C4,Further Mathematics,C4,3.6,Information Technology,170,QUALIFIED
Daniel Ogundele,202509079772HJ,150,C5,C5,Mathematics,B3,Physics,F9,Further Mathematics,C5,2.6,Computer Science,180,REJECTED
Oluwaseun Adeyemi,202561070518FG,246,A1,A1,Biology,D7,Chemistry,B2,Further Mathematics,C5,3.8,Medicine,220,ALTERNATIVE_COURSE
Fatima Nzekwe,202595806601EG,226,C5,C5,Biology,B3,Chemistry,C5,Further Mathematics,D7,3.0,Nursing,180,ALTERNATIVE_COURSE
Kelvin Okonkwo,202520448515HJ,218,C5,A1,Biology,C4,Chemistry,B3,Further Mathematics,B2,3.8,Anatomy,200,QUALIFIED
Fatima Abubakar,202590203571EG,244,C4,C4,Biology,B2,Chemistry,A1,Further Mathematics,C5,3.6,Medicine,220,QUALIFIED
Oluwaseun Eze,202506424295HJ,268,C6,C5,Literature,D7,Government,B2,Further Mathematics,C6,3.0,Law,200,ALTERNATIVE_COURSE
Tunde Eze,202517595587EG,245,C6,B3,Biology,B2,Chemistry,F9,Further Mathematics,B3,3.0,Nursing,180,ALTERNATIVE_COURSE
Adaeze Abubakar,202543588418EG,145,E8,C4,Mathematics,B2,Physics,C4,Further Mathematics,F9,2.2,Computer Science,180,REJECTED
Chioma Nwosu,202579559690FG,165,B2,B3,Literature,E8,Government,C4,Further Mathematics,C5,3.0,Law,200,REJECTED
Amaka Nwosu,202554278207HJ,188,C5,D7,Biology,A1,Chemistry,C4,Further Mathematics,B3,3.4,Medicine,220,ALTERNATIVE_COURSE
Chioma Ogundele,202564038166FG,210,C5,C4,Economics,B2,Commerce,C5,Further Mathematics,C5,3.2,Business Admin,170,QUALIFIED
Kelvin Bello,202592250142FG,228,C4,B2,Economics,B2,Commerce,B3,Further Mathematics,C4,3.6,Business Admin,170,QUALIFIED
Josephine Adeyemi,202523361328FG,184,B3,C4,Mathematics,C5,Economics,B2,Further Mathematics,B2,3.6,Accounting,170,QUALIFIED
Chioma Ogundele,202567316252HJ,216,C4,B3,Mathematics,C4,Physics,C5,Further Mathematics,C5,3.2,Computer Science,180,QUALIFIED
Chukwuemeka Abubakar,202579039235FG,183,D7,C6,Mathematics,C5,Physics,C4,Further Mathematics,B3,3.0,Information Technology,170,ALTERNATIVE_COURSE
Grace Nwosu,202573034615HJ,188,C4,A1,Mathematics,C4,Physics,B3,Further Mathematics,A1,4.0,Information Technology,170,QUALIFIED
Adaeze Nwosu,202526817151HJ,160,C4,B3,Biology,B3,Chemistry,C6,Further Mathematics,A1,3.8,Anatomy,200,REJECTED
Solomon Okonkwo,202504641978FG,177,B2,B2,Mathematics,C4,Physics,C5,Further Mathematics,A1,3.8,Computer Science,180,REJECTED
Adaeze Chukwu,202561205943HJ,162,C5,C6,Mathematics,F9,Economics,B2,Further Mathematics,B2,2.8,Accounting,170,REJECTED
Funmilayo Ogundele,202554654084EG,175,A1,B3,Economics,B2,Commerce,C4,Further Mathematics,B3,4.0,Business Admin,170,QUALIFIED
Ngozi Musa,202508632181EG,246,B3,A1,Literature,B3,Government,C5,Further Mathematics,C4,3.8,Law,200,QUALIFIED
Grace Nzekwe,202589701550EG,176,C5,C4,Biology,B3,Chemistry,F9,Further Mathematics,C5,2.6,Anatomy,200,REJECTED
Adaeze Okonkwo,202502416139FG,302,B3,F9,Biology,A1,Chemistry,E8,Further Mathematics,C5,2.6,Medicine,220,REJECTED
Peter Ibrahim,202536424809HJ,227,C5,C4,Literature,C6,Government,C5,Further Mathematics,A1,3.4,Law,200,QUALIFIED
Oluwaseun Eze,202547951330FG,216,C5,B3,Biology,C4,Chemistry,A1,Further Mathematics,C4,3.6,Anatomy,200,QUALIFIED
Funmilayo Abubakar,202586780555FG,179,A1,B3,Biology,C5,Chemistry,C6,Further Mathematics,C4,3.6,Nursing,180,REJECTED
Solomon Eze,202560917851EG,234,B2,D7,Mathematics,C4,Economics,C4,Further Mathematics,B2,3.2,Accounting,170,ALTERNATIVE_COURSE
Peter Nwosu,202595966048HJ,189,B3,C6,Mathematics,C4,Physics,C4,Further Mathematics,B2,3.4,Information Technology,170,QUALIFIED
Solomon Bello,202531942268HJ,214,B3,C4,Biology,B3,Chemistry,E8,Further Mathematics,B2,3.2,Nursing,180,ALTERNATIVE_COURSE
Amaka Ogundele,202558886367HJ,299,C6,C4,Mathematics,C4,Physics,B3,Further Mathematics,B3,3.4,Information Technology,170,QUALIFIED
Aisha Olawale,202557216966HJ,206,C6,C4,Literature,E8,Government,B2,Further Mathematics,B3,3.0,Law,200,ALTERNATIVE_COURSE
Funmilayo Adeleke,202560593297CF,250,C5,C5,Biology,B2,Chemistry,C5,Further Mathematics,F9,2.6,Nursing,180,ALTERNATIVE_COURSE
Ibrahim Olawale,202527532735EG,185,A1,C5,Mathematics,C6,Physics,B3,Further Mathematics,C4,3.6,Information Technology,170,QUALIFIED
Tunde Bello,202527819523HJ,208,A1,A1,Literature,C4,Government,C4,Further Mathematics,C5,3.8,Law,200,QUALIFIED
Solomon Adeyemi,202564819807HJ,271,A1,A1,Biology,C5,Chemistry,D7,Further Mathematics,F9,3.0,Medicine,220,REJECTED
Kelvin Ogundele,202576112491EG,188,B3,B3,Mathematics,C6,Physics,C6,Further Mathematics,B3,3.6,Computer Science,180,QUALIFIED
Amaka Abubakar,202517734547FG,273,C4,B3,Mathematics,D7,Physics,C6,Further Mathematics,B2,3.2,Information Technology,170,ALTERNATIVE_COURSE
Josephine Okafor,202535954429FG,234,C5,C4,Mathematics,C4,Economics,C6,Further Mathematics,B2,3.2,Accounting,170,QUALIFIED
Funmilayo Eze,202564303942CF,190,C5,C5,Mathematics,B2,Economics,C6,Further Mathematics,B2,3.4,Accounting,170,QUALIFIED
Fatima Abubakar,202529858567EG,232,B3,C4,Literature,D7,Government,C4,Further Mathematics,C4,3.0,Law,200,ALTERNATIVE_COURSE
Josephine Bello,202532491357HJ,244,B2,D7,Mathematics,A1,Economics,E8,Further Mathematics,B3,3.2,Accounting,170,REJECTED
Ibrahim Abubakar,202506158148CF,231,C6,C6,Mathematics,C6,Physics,C4,Further Mathematics,B2,3.2,Computer Science,180,QUALIFIED
Grace Bello,202572094841EG,155,C4,C4,Mathematics,B2,Physics,C6,Further Mathematics,B2,3.4,Computer Science,180,REJECTED
Peter Ibrahim,202571805137CF,184,D7,B2,Biology,B3,Chemistry,B2,Further Mathematics,B2,3.6,Medicine,220,ALTERNATIVE_COURSE
Peter Okafor,202596173997CF,201,A1,B2,Mathematics,C4,Economics,B2,Further Mathematics,C4,3.8,Accounting,170,QUALIFIED
Kelvin Eze,202544835488FG,207,C6,C5,Literature,C4,Government,B2,Further Mathematics,C4,3.2,Law,200,QUALIFIED
Kelvin Ibrahim,202572216417FG,231,B2,C6,Mathematics,B2,Economics,A1,Further Mathematics,D7,3.6,Accounting,170,ALTERNATIVE_COURSE
Kelvin Ibrahim,202514939252EG,216,B2,B2,Biology,B2,Chemistry,B3,Further Mathematics,B3,4.0,Anatomy,200,QUALIFIED
Chioma Ogundele,202596434745EG,163,C6,D7,Economics,C5,Commerce,B2,Further Mathematics,E8,2.6,Business Admin,170,REJECTED
Solomon Anyanwu,202560606527FG,223,B3,B3,Literature,C5,Government,C4,Further Mathematics,C4,3.4,Law,200,QUALIFIED
Emmanuel Abubakar,202566588339HJ,231,C6,B2,Mathematics,C5,Physics,B3,Further Mathematics,C6,3.4,Computer Science,180,QUALIFIED
Chioma Okafor,202567349960CF,229,B2,B2,Literature,B3,Government,C4,Further Mathematics,C5,3.6,Law,200,QUALIFIED
Oluwaseun Nzekwe,202515622949EG,247,C5,B3,Mathematics,B3,Physics,E8,Further Mathematics,B2,3.2,Computer Science,180,ALTERNATIVE_COURSE
Josephine Musa,202502155732FG,239,C4,B3,Biology,C4,Chemistry,C5,Further Mathematics,C4,3.2,Medicine,220,QUALIFIED
Funmilayo Musa,202502166670CF,226,B2,B3,Mathematics,B2,Economics,F9,Further Mathematics,B3,3.2,Accounting,170,ALTERNATIVE_COURSE
Aisha Ibrahim,202549511918CF,207,A1,C4,Mathematics,A1,Physics,C4,Further Mathematics,C6,3.8,Information Technology,170,QUALIFIED
Ibrahim Anyanwu,202516477251EG,151,C6,C6,Biology,A1,Chemistry,E8,Further Mathematics,C5,3.0,Anatomy,200,REJECTED
Solomon Adeleke,202540960035HJ,225,C4,C6,Mathematics,C5,Physics,E8,Further Mathematics,D7,2.4,Information Technology,170,REJECTED
Ibrahim Anyanwu,202595923234EG,217,B3,B2,Biology,C5,Chemistry,B3,Further Mathematics,C4,3.6,Anatomy,200,QUALIFIED
Chukwuemeka Abubakar,202553334264EG,219,A1,C5,Biology,C6,Chemistry,C6,Further Mathematics,C4,3.4,Medicine,220,BORDERLINE
Solomon Okafor,202573607763EG,165,C6,A1,Biology,D7,Chemistry,E8,Further Mathematics,B2,3.0,Nursing,180,REJECTED
Kelvin Adeyemi,202523179556EG,172,C4,B2,Economics,E8,Commerce,C4,Further Mathematics,C4,2.8,Business Admin,170,REJECTED
Tunde Okafor,202506661554CF,246,F9,C6,Biology,B3,Chemistry,B3,Further Mathematics,B2,3.0,Nursing,180,ALTERNATIVE_COURSE
Solomon Nzekwe,202570450232CF,208,E8,C5,Economics,B2,Commerce,C5,Further Mathematics,C5,2.8,Business Admin,170,ALTERNATIVE_COURSE
Ibrahim Olawale,202545962622EG,233,C4,B2,Biology,C4,Chemistry,A1,Further Mathematics,C4,3.6,Anatomy,200,QUALIFIED
Solomon Ogundele,202554950050HJ,210,B3,E8,Biology,C6,Chemistry,A1,Further Mathematics,B2,3.4,Anatomy,200,ALTERNATIVE_COURSE
Kelvin Nwosu,202521053161CF,211,C5,B2,Mathematics,C4,Physics,C4,Further Mathematics,C6,3.2,Computer Science,180,QUALIFIED
Emmanuel Eze,202577425859CF,242,C4,C4,Mathematics,D7,Economics,C4,Further Mathematics,D7,2.6,Accounting,170,REJECTED
Oluwaseun Bello,202511649133FG,191,C4,C6,Mathematics,C4,Economics,B2,Further Mathematics,C4,3.2,Accounting,170,QUALIFIED
Kelvin Adeleke,202542565290HJ,213,C5,B3,Biology,C5,Chemistry,C4,Further Mathematics,C4,3.2,Anatomy,200,QUALIFIED
Grace Nwosu,202565097753HJ,193,C6,F9,Mathematics,A1,Physics,C5,Further Mathematics,C6,2.8,Computer Science,180,ALTERNATIVE_COURSE
Kelvin Nzekwe,202555245787CF,194,F9,C4,Mathematics,B3,Economics,C4,Further Mathematics,C5,2.6,Accounting,170,ALTERNATIVE_COURSE
Aisha Nwosu,202513711842FG,199,C6,B3,Mathematics,C6,Physics,C4,Further Mathematics,A1,3.6,Information Technology,170,QUALIFIED
Fatima Okonkwo,202583230358EG,217,C4,C4,Literature,E8,Government,E8,Further Mathematics,F9,1.6,Law,200,REJECTED
Ngozi Nwosu,202512932896EG,193,C6,B3,Mathematics,B2,Physics,E8,Further Mathematics,C4,3.0,Computer Science,180,ALTERNATIVE_COURSE
Adaeze Nzekwe,202577524014FG,253,A1,E8,Literature,C4,Government,B3,Further Mathematics,C4,3.2,Law,200,ALTERNATIVE_COURSE
Oluwaseun Ibrahim,202523626693EG,178,E8,C5,Biology,E8,Chemistry,A1,Further Mathematics,C4,2.6,Nursing,180,REJECTED
Peter Ogundele,202523724501FG,203,A1,E8,Mathematics,B3,Physics,D7,Further Mathematics,B2,3.2,Information Technology,170,REJECTED
Aisha Musa,202597215406FG,194,C6,C4,Biology,B2,Chemistry,C4,Further Mathematics,C6,3.2,Medicine,220,BORDERLINE
Chioma Anyanwu,202543811995EG,260,C5,C4,Biology,B2,Chemistry,C5,Further Mathematics,D7,3.0,Medicine,220,ALTERNATIVE_COURSE
Daniel Olawale,202544856451CF,216,C6,E8,Mathematics,C4,Economics,C5,Further Mathematics,D7,2.4,Accounting,170,REJECTED
Daniel Adeyemi,202578996986CF,246,C5,C4,Biology,C4,Chemistry,B2,Further Mathematics,C4,3.2,Medicine,220,QUALIFIED
Grace Abubakar,202599660577CF,158,C4,C6,Biology,E8,Chemistry,C4,Further Mathematics,B2,2.8,Medicine,220,REJECTED
Peter Nwosu,202505146074FG,219,C6,C5,Economics,C6,Commerce,C5,Further Mathematics,A1,3.4,Business Admin,170,QUALIFIED
Daniel Anyanwu,202523885652HJ,241,B3,E8,Mathematics,B3,Physics,C6,Further Mathematics,B3,3.2,Information Technology,170,ALTERNATIVE_COURSE
Josephine Adeyemi,202516597263FG,212,B3,C5,Biology,C5,Chemistry,C6,Further Mathematics,B2,3.4,Medicine,220,BORDERLINE
Victor Okafor,202513948848EG,247,B3,C6,Mathematics,D7,Economics,C6,Further Mathematics,E8,2.6,Accounting,170,REJECTED
Solomon Olawale,202542585626CF,191,C5,A1,Economics,A1,Commerce,C5,Further Mathematics,D7,3.6,Business Admin,170,ALTERNATIVE_COURSE
Grace Chukwu,202524073333HJ,259,C5,F9,Literature,B3,Government,B2,Further Mathematics,C6,2.8,Law,200,ALTERNATIVE_COURSE
Tunde Okonkwo,202588936289HJ,290,B2,B3,Biology,E8,Chemistry,D7,Further Mathematics,C4,2.8,Nursing,180,REJECTED
Ngozi Abubakar,202535851253EG,197,C5,C5,Economics,F9,Commerce,C6,Further Mathematics,B3,2.6,Business Admin,170,ALTERNATIVE_COURSE
Funmilayo Bello,202558374907HJ,194,F9,C6,Biology,C4,Chemistry,C4,Further Mathematics,B3,2.6,Medicine,220,ALTERNATIVE_COURSE
Blessing Nzekwe,202557215149FG,260,C4,A1,Mathematics,F9,Economics,A1,Further Mathematics,C4,3.2,Accounting,170,ALTERNATIVE_COURSE
Ibrahim Ogundele,202574845398HJ,265,C5,C4,Mathematics,C5,Physics,E8,Further Mathematics,F9,2.0,Computer Science,180,REJECTED
Blessing Musa,202559119186EG,191,C6,F9,Biology,C4,Chemistry,D7,Further Mathematics,F9,1.6,Anatomy,200,REJECTED
Chioma Musa,202515116966HJ,195,B2,C5,Biology,C6,Chemistry,B2,Further Mathematics,B2,3.6,Nursing,180,QUALIFIED
Daniel Ibrahim,202512463351FG,200,B2,B3,Mathematics,A1,Economics,B3,Further Mathematics,C5,4.0,Accounting,170,QUALIFIED
Blessing Ogundele,202551208005HJ,162,C6,C4,Mathematics,A1,Economics,C5,Further Mathematics,F9,2.8,Accounting,170,REJECTED
Ibrahim Ogundele,202597283512FG,177,A1,D7,Literature,C4,Government,D7,Further Mathematics,E8,2.6,Law,200,REJECTED
Tunde Okafor,202590814415EG,174,D7,C5,Biology,D7,Chemistry,B2,Further Mathematics,B2,3.0,Anatomy,200,REJECTED
Tunde Nzekwe,202586718153FG,183,D7,C4,Biology,C5,Chemistry,F9,Further Mathematics,D7,2.0,Anatomy,200,REJECTED
Chioma Anyanwu,202591815899HJ,208,B2,C6,Biology,B2,Chemistry,C4,Further Mathematics,B3,3.6,Anatomy,200,QUALIFIED
Solomon Okonkwo,202561707158HJ,218,B3,B2,Biology,C6,Chemistry,B3,Further Mathematics,C5,3.6,Nursing,180,QUALIFIED
Kelvin Olawale,202503149982FG,264,B3,F9,Economics,C6,Commerce,C6,Further Mathematics,C5,2.6,Business Admin,170,ALTERNATIVE_COURSE
Blessing Olawale,202568828503CF,175,C4,A1,Mathematics,B3,Physics,B2,Further Mathematics,E8,3.4,Computer Science,180,REJECTED
Ibrahim Adeleke,202590063140EG,244,E8,D7,Mathematics,C5,Economics,A1,Further Mathematics,B2,3.0,Accounting,170,REJECTED
Blessing Nwosu,202529394694EG,202,F9,F9,Mathematics,C6,Physics,B3,Further Mathematics,C6,2.0,Information Technology,170,REJECTED
Ibrahim Olawale,202574906072EG,208,C4,A1,Literature,C6,Government,B3,Further Mathematics,C6,3.6,Law,200,QUALIFIED
Victor Nwosu,202546484494CF,233,C5,B2,Biology,D7,Chemistry,C4,Further Mathematics,B2,3.2,Medicine,220,ALTERNATIVE_COURSE
Ibrahim Nwosu,202580771130HJ,170,B3,D7,Biology,B2,Chemistry,A1,Further Mathematics,C6,3.6,Medicine,220,REJECTED
Oluwaseun Ibrahim,202590833509CF,223,A1,C5,Biology,A1,Chemistry,C4,Further Mathematics,B3,4.0,Anatomy,200,QUALIFIED
Blessing Okonkwo,202562481323FG,215,B3,E8,Biology,E8,Chemistry,B3,Further Mathematics,B2,2.8,Anatomy,200,REJECTED
Fatima Nwosu,202585011688CF,227,A1,C4,Mathematics,C6,Economics,C5,Further Mathematics,B3,3.6,Accounting,170,QUALIFIED
Emmanuel Okonkwo,202509069130CF,220,C5,B3,Biology,A1,Chemistry,D7,Further Mathematics,C5,3.4,Anatomy,200,ALTERNATIVE_COURSE
Funmilayo Okonkwo,202573794577EG,295,C5,D7,Mathematics,E8,Physics,C5,Further Mathematics,B3,2.6,Computer Science,180,REJECTED
Solomon Eze,202525064207HJ,187,C4,B3,Mathematics,B2,Economics,C5,Further Mathematics,B2,3.6,Accounting,170,QUALIFIED
Adaeze Ibrahim,202577675556EG,191,F9,B2,Biology,C5,Chemistry,B2,Further Mathematics,C4,2.8,Nursing,180,ALTERNATIVE_COURSE
Funmilayo Abubakar,202578654362HJ,188,B2,C5,Biology,C4,Chemistry,E8,Further Mathematics,C5,2.8,Nursing,180,ALTERNATIVE_COURSE
Adaeze Okafor,202533582686EG,190,C4,C4,Biology,D7,Chemistry,E8,Further Mathematics,D7,2.2,Medicine,220,REJECTED
Peter Anyanwu,202526932657EG,187,A1,B2,Mathematics,C4,Economics,B2,Further Mathematics,F9,3.2,Accounting,170,ALTERNATIVE_COURSE
Blessing Ogundele,202511100051FG,251,C6,C4,Biology,C5,Chemistry,C6,Further Mathematics,C4,3.0,Anatomy,200,QUALIFIED
Victor Adeleke,202577524418EG,259,B2,B2,Mathematics,B2,Physics,C6,Further Mathematics,B3,3.8,Information Technology,170,QUALIFIED
Chioma Musa,202543127102HJ,190,B2,B2,Biology,D7,Chemistry,C4,Further Mathematics,C4,3.2,Anatomy,200,ALTERNATIVE_COURSE
Tunde Adeleke,202592707955CF,180,B3,B2,Mathematics,A1,Economics,C5,Further Mathematics,C6,3.8,Accounting,170,QUALIFIED
Ibrahim Ogundele,202554159709HJ,226,A1,B2,Mathematics,B3,Physics,B3,Further Mathematics,B2,4.2,Information Technology,170,QUALIFIED
Emmanuel Ibrahim,202552034476FG,190,B3,B3,Biology,C4,Chemistry,F9,Further Mathematics,D7,2.6,Anatomy,200,REJECTED
Blessing Nwosu,202590904637HJ,232,B3,F9,Mathematics,C5,Physics,C5,Further Mathematics,B3,2.8,Computer Science,180,ALTERNATIVE_COURSE
Adaeze Okonkwo,202552548374FG,217,A1,C5,Economics,C5,Commerce,B3,Further Mathematics,C6,3.6,Business Admin,170,QUALIFIED
Kelvin Nzekwe,202510213125CF,156,D7,D7,Biology,A1,Chemistry,C5,Further Mathematics,B3,3.2,Medicine,220,REJECTED
Victor Olawale,202591297519CF,264,C4,B2,Biology,A1,Chemistry,A1,Further Mathematics,C5,4.0,Anatomy,200,QUALIFIED
Chukwuemeka Okafor,202563301658EG,272,C5,B2,Mathematics,C5,Physics,A1,Further Mathematics,A1,4.0,Computer Science,180,QUALIFIED
Peter Olawale,202507280123FG,188,C6,C5,Mathematics,C4,Economics,C5,Further Mathematics,C4,3.0,Accounting,170,QUALIFIED
Ibrahim Nwosu,202553269496FG,196,D7,C4,Biology,B2,Chemistry,B2,Further Mathematics,C6,3.2,Anatomy,200,ALTERNATIVE_COURSE
Daniel Eze,202521017509HJ,220,C4,C6,Biology,C5,Chemistry,C4,Further Mathematics,C5,3.0,Nursing,180,QUALIFIED
Victor Adeleke,202559194575HJ,221,C5,D7,Biology,C4,Chemistry,F9,Further Mathematics,C5,2.2,Medicine,220,REJECTED
Peter Nwosu,202505677567HJ,233,C4,C6,Mathematics,B3,Physics,F9,Further Mathematics,B2,2.8,Information Technology,170,ALTERNATIVE_COURSE
Victor Okonkwo,202526506229EG,280,B2,C5,Mathematics,B3,Economics,E8,Further Mathematics,D7,2.8,Accounting,170,REJECTED
Solomon Nwosu,202548433797HJ,203,A1,B3,Biology,B2,Chemistry,B3,Further Mathematics,A1,4.4,Nursing,180,QUALIFIED
Chukwuemeka Abubakar,202579423873HJ,182,E8,B2,Economics,E8,Commerce,A1,Further Mathematics,E8,2.4,Business Admin,170,REJECTED
Adaeze Adeleke,202519284552FG,161,A1,B3,Mathematics,B2,Economics,C5,Further Mathematics,C5,3.8,Accounting,170,REJECTED
Grace Nzekwe,202557485953EG,184,A1,C4,Mathematics,C4,Economics,B2,Further Mathematics,B3,3.8,Accounting,170,QUALIFIED
Grace Ibrahim,202597058162FG,208,C6,C4,Mathematics,D7,Physics,C5,Further Mathematics,C5,2.8,Information Technology,170,ALTERNATIVE_COURSE
Chukwuemeka Ibrahim,202563425073EG,272,C4,C4,Biology,D7,Chemistry,E8,Further Mathematics,C5,2.4,Medicine,220,REJECTED
Victor Ibrahim,202559833991FG,191,B3,C6,Mathematics,C4,Physics,B2,Further Mathematics,B3,3.6,Computer Science,180,QUALIFIED
Adaeze Musa,202504432400HJ,217,C5,B2,Mathematics,C6,Physics,B3,Further Mathematics,C6,3.4,Computer Science,180,QUALIFIED
Fatima Adeleke,202575147439HJ,209,B3,C6,Biology,F9,Chemistry,C4,Further Mathematics,B3,2.8,Medicine,220,ALTERNATIVE_COURSE
Aisha Ibrahim,202552568065HJ,251,B2,B2,Literature,E8,Government,B2,Further Mathematics,D7,3.0,Law,200,REJECTED
Peter Okafor,202580271122CF,298,B3,C6,Biology,A1,Chemistry,B3,Further Mathematics,C4,3.8,Anatomy,200,QUALIFIED
Adaeze Abubakar,202517680866EG,191,E8,B2,Biology,C6,Chemistry,F9,Further Mathematics,B3,2.4,Anatomy,200,REJECTED
Grace Okafor,202580037003EG,192,C6,C4,Biology,B2,Chemistry,D7,Further Mathematics,B3,3.2,Medicine,220,ALTERNATIVE_COURSE
Solomon Okafor,202584706810EG,246,E8,B2,Biology,B3,Chemistry,B3,Further Mathematics,C5,3.2,Anatomy,200,ALTERNATIVE_COURSE
Ngozi Chukwu,202526328094FG,233,B2,C4,Mathematics,A1,Physics,C5,Further Mathematics,C4,3.6,Computer Science,180,QUALIFIED
Victor Nzekwe,202546147079HJ,274,C4,B2,Mathematics,B2,Physics,C5,Further Mathematics,B3,3.6,Information Technology,170,QUALIFIED
Ibrahim Anyanwu,202594394570EG,230,B2,A1,Biology,C6,Chemistry,C5,Further Mathematics,D7,3.4,Nursing,180,ALTERNATIVE_COURSE
Ibrahim Ibrahim,202565769277FG,197,B2,A1,Literature,A1,Government,C6,Further Mathematics,D7,3.8,Law,200,ALTERNATIVE_COURSE
Emmanuel Eze,202504769210FG,230,A1,B2,Biology,A1,Chemistry,A1,Further Mathematics,A1,4.8,Nursing,180,QUALIFIED
Emmanuel Eze,202501424731CF,248,C5,F9,Biology,C5,Chemistry,B3,Further Mathematics,B3,2.8,Nursing,180,ALTERNATIVE_COURSE
Aisha Eze,202540971231HJ,238,B2,B2,Mathematics,C5,Economics,C4,Further Mathematics,D7,3.2,Accounting,170,ALTERNATIVE_COURSE
Peter Nzekwe,202501447340FG,227,A1,C4,Economics,C6,Commerce,C4,Further Mathematics,F9,2.8,Business Admin,170,ALTERNATIVE_COURSE
Adaeze Chukwu,202573045195HJ,247,B2,C4,Biology,A1,Chemistry,C5,Further Mathematics,D7,3.4,Nursing,180,ALTERNATIVE_COURSE
Victor Musa,202556296575FG,250,C4,B3,Mathematics,D7,Economics,C5,Further Mathematics,C4,3.0,Accounting,170,ALTERNATIVE_COURSE
Adaeze Adeyemi,202594255778EG,258,C6,C6,Biology,C4,Chemistry,C4,Further Mathematics,B3,3.2,Anatomy,200,QUALIFIED
Fatima Olawale,202592361618CF,232,B3,D7,Mathematics,F9,Physics,B2,Further Mathematics,B3,2.8,Computer Science,180,REJECTED
Victor Ibrahim,202515586863FG,204,C4,B3,Biology,C4,Chemistry,E8,Further Mathematics,C5,2.8,Medicine,220,ALTERNATIVE_COURSE
Ibrahim Musa,202508172143HJ,215,C5,F9,Economics,B2,Commerce,C5,Further Mathematics,B2,2.8,Business Admin,170,ALTERNATIVE_COURSE
Emmanuel Eze,202513211471HJ,252,C6,C4,Literature,A1,Government,C6,Further Mathematics,A1,3.8,Law,200,QUALIFIED
Josephine Okonkwo,202599799070HJ,181,C5,A1,Mathematics,C4,Physics,B3,Further Mathematics,B3,3.8,Information Technology,170,QUALIFIED
Amaka Okonkwo,202599570607CF,222,B3,B3,Mathematics,C4,Physics,C6,Further Mathematics,C6,3.4,Information Technology,170,QUALIFIED
Amaka Ibrahim,202565397054HJ,196,B3,A1,Mathematics,B2,Economics,C6,Further Mathematics,C5,3.8,Accounting,170,QUALIFIED
Emmanuel Nzekwe,202587182749HJ,211,C5,A1,Biology,C5,Chemistry,C4,Further Mathematics,C5,3.4,Nursing,180,QUALIFIED
Fatima Okafor,202549561213HJ,254,B3,B2,Mathematics,C4,Physics,B2,Further Mathematics,C4,3.6,Computer Science,180,QUALIFIED
Solomon Okafor,202542359737CF,216,B2,B3,Mathematics,C5,Economics,C5,Further Mathematics,B2,3.6,Accounting,170,QUALIFIED
Chioma Abubakar,202560858167CF,211,B2,B2,Biology,F9,Chemistry,C5,Further Mathematics,A1,3.2,Medicine,220,ALTERNATIVE_COURSE
Ngozi Ibrahim,202568321021EG,162,C4,C5,Literature,A1,Government,A1,Further Mathematics,D7,3.6,Law,200,REJECTED
Fatima Adeleke,202561803324EG,236,C4,F9,Biology,B3,Chemistry,B3,Further Mathematics,A1,3.2,Nursing,180,ALTERNATIVE_COURSE
Peter Chukwu,202504253733HJ,232,A1,A1,Economics,C6,Commerce,B2,Further Mathematics,C5,4.0,Business Admin,170,QUALIFIED
Chukwuemeka Nwosu,202528217819EG,285,C4,A1,Mathematics,B3,Economics,C5,Further Mathematics,C4,3.6,Accounting,170,QUALIFIED
Adaeze Okafor,202560560356HJ,199,C5,C4,Biology,C5,Chemistry,E8,Further Mathematics,C6,2.6,Nursing,180,ALTERNATIVE_COURSE
Fatima Bello,202598471690HJ,217,C5,B2,Biology,C5,Chemistry,C6,Further Mathematics,D7,3.0,Nursing,180,ALTERNATIVE_COURSE
Daniel Okonkwo,202547548954HJ,218,C4,C5,Biology,C6,Chemistry,C6,Further Mathematics,A1,3.4,Medicine,220,BORDERLINE
Funmilayo Adeleke,202592751758CF,265,B3,D7,Mathematics,C5,Economics,C5,Further Mathematics,E8,2.6,Accounting,170,REJECTED
Victor Nzekwe,202539354358HJ,206,C5,E8,Literature,D7,Government,C4,Further Mathematics,B2,2.6,Law,200,REJECTED
Oluwaseun Anyanwu,202543588537EG,219,B3,C4,Literature,C5,Government,C6,Further Mathematics,D7,3.0,Law,200,ALTERNATIVE_COURSE
Victor Nwosu,202575367497FG,231,C5,D7,Biology,C5,Chemistry,B2,Further Mathematics,C6,3.0,Medicine,220,ALTERNATIVE_COURSE
Solomon Okafor,202513477894HJ,216,B3,A1,Biology,B2,Chemistry,B3,Further Mathematics,C4,4.0,Anatomy,200,QUALIFIED
Adaeze Okonkwo,202551221500CF,194,B3,F9,Biology,C5,Chemistry,C4,Further Mathematics,B2,2.8,Nursing,180,ALTERNATIVE_COURSE
Adaeze Bello,202509001594FG,216,B2,C4,Literature,B2,Government,A1,Further Mathematics,C5,3.8,Law,200,QUALIFIED
Ngozi Olawale,202532089532HJ,247,B2,B2,Economics,C5,Commerce,C6,Further Mathematics,E8,3.0,Business Admin,170,ALTERNATIVE_COURSE
Daniel Anyanwu,202571136337EG,174,C4,A1,Biology,B2,Chemistry,C4,Further Mathematics,C5,3.6,Nursing,180,REJECTED
Funmilayo Olawale,202567331167HJ,214,D7,B3,Biology,A1,Chemistry,C5,Further Mathematics,C4,3.4,Anatomy,200,ALTERNATIVE_COURSE
Daniel Bello,202576855078HJ,185,C5,B3,Biology,C5,Chemistry,B3,Further Mathematics,C4,3.4,Anatomy,200,BORDERLINE
Solomon Nwosu,202563355643FG,251,C5,B3,Mathematics,C5,Economics,C5,Further Mathematics,C5,3.2,Accounting,170,QUALIFIED
Chukwuemeka Ibrahim,202506955607HJ,156,B3,D7,Biology,E8,Chemistry,C5,Further Mathematics,C4,2.6,Nursing,180,REJECTED
Daniel Ibrahim,202522398983CF,190,D7,A1,Mathematics,B3,Economics,B2,Further Mathematics,B3,3.8,Accounting,170,ALTERNATIVE_COURSE
Aisha Okafor,202541847242HJ,223,B3,C6,Economics,A1,Commerce,D7,Further Mathematics,A1,3.8,Business Admin,170,ALTERNATIVE_COURSE
Chukwuemeka Adeleke,202509248762EG,264,D7,B2,Literature,C4,Government,B2,Further Mathematics,A1,3.6,Law,200,ALTERNATIVE_COURSE
Fatima Chukwu,202517852282EG,207,C6,B2,Mathematics,C5,Physics,A1,Further Mathematics,B2,3.8,Computer Science,180,QUALIFIED
Blessing Okonkwo,202522072239FG,190,B3,B2,Mathematics,B3,Physics,C6,Further Mathematics,C4,3.6,Computer Science,180,QUALIFIED
Funmilayo Anyanwu,202501620478HJ,275,C4,C4,Literature,C5,Government,C5,Further Mathematics,B2,3.2,Law,200,QUALIFIED
Kelvin Abubakar,202599648628HJ,159,C4,C5,Economics,D7,Commerce,C4,Further Mathematics,C5,2.8,Business Admin,170,REJECTED
Funmilayo Nzekwe,202566645057EG,133,C6,B2,Biology,C4,Chemistry,B3,Further Mathematics,B3,3.6,Anatomy,200,REJECTED
Oluwaseun Ogundele,202546320374HJ,225,B2,C6,Mathematics,C6,Physics,C4,Further Mathematics,C4,3.2,Computer Science,180,QUALIFIED
Blessing Bello,202521450576HJ,192,C4,C4,Economics,D7,Commerce,C4,Further Mathematics,C4,2.8,Business Admin,170,ALTERNATIVE_COURSE
Chioma Adeyemi,202555348201EG,174,C4,B3,Biology,C4,Chemistry,C4,Further Mathematics,E8,2.8,Medicine,220,REJECTED
Victor Anyanwu,202597595450CF,234,A1,C4,Literature,C5,Government,B3,Further Mathematics,C4,3.6,Law,200,QUALIFIED
Peter Chukwu,202512657422EG,218,C6,C4,Mathematics,C4,Economics,C5,Further Mathematics,C4,3.0,Accounting,170,QUALIFIED
Oluwaseun Bello,202569362689FG,190,C5,B3,Biology,B2,Chemistry,A1,Further Mathematics,A1,4.2,Medicine,220,BORDERLINE
Chukwuemeka Bello,202572711759FG,165,A1,A1,Biology,D7,Chemistry,B3,Further Mathematics,C4,3.8,Nursing,180,REJECTED
Victor Ogundele,202558298493EG,240,E8,B3,Mathematics,C4,Economics,D7,Further Mathematics,C6,2.6,Accounting,170,REJECTED
Solomon Okafor,202594412833EG,232,C4,B3,Mathematics,E8,Physics,B3,Further Mathematics,F9,2.4,Computer Science,180,REJECTED
Solomon Okonkwo,202595413297CF,206,D7,E8,Mathematics,C5,Economics,C4,Further Mathematics,C4,2.4,Accounting,170,REJECTED
Emmanuel Abubakar,202551437769EG,274,E8,A1,Mathematics,C4,Physics,C4,Further Mathematics,C4,3.0,Information Technology,170,ALTERNATIVE_COURSE
Funmilayo Abubakar,202596111102HJ,172,C4,B2,Economics,B2,Commerce,C6,Further Mathematics,B3,3.6,Business Admin,170,QUALIFIED
Blessing Okafor,202572024559CF,156,D7,E8,Mathematics,C6,Economics,C5,Further Mathematics,B2,2.6,Accounting,170,REJECTED
Blessing Adeleke,202503267149FG,185,B2,B3,Mathematics,A1,Physics,F9,Further Mathematics,A1,3.6,Computer Science,180,ALTERNATIVE_COURSE
Kelvin Adeyemi,202579340652HJ,208,C6,B3,Biology,A1,Chemistry,C5,Further Mathematics,B3,3.8,Medicine,220,BORDERLINE
Grace Anyanwu,202545337220CF,218,B3,C4,Mathematics,B3,Economics,C5,Further Mathematics,C4,3.4,Accounting,170,QUALIFIED
Chukwuemeka Eze,202555937661FG,201,C4,B2,Mathematics,B2,Physics,C4,Further Mathematics,B2,3.6,Computer Science,180,QUALIFIED
Blessing Okafor,202546277657EG,222,D7,C5,Biology,B3,Chemistry,B3,Further Mathematics,B3,3.4,Nursing,180,ALTERNATIVE_COURSE
Fatima Okafor,202524617520EG,166,C5,C5,Mathematics,C5,Physics,E8,Further Mathematics,C6,2.6,Information Technology,170,REJECTED
Blessing Anyanwu,202505595501HJ,260,C4,C4,Biology,B3,Chemistry,B2,Further Mathematics,B2,3.6,Nursing,180,QUALIFIED
Kelvin Okonkwo,202589993607FG,207,B2,B3,Biology,C5,Chemistry,C5,Further Mathematics,C4,3.4,Nursing,180,QUALIFIED
Chioma Olawale,202567993593HJ,249,A1,B3,Mathematics,C4,Economics,C5,Further Mathematics,C6,3.6,Accounting,170,QUALIFIED
Daniel Okonkwo,202540830373HJ,221,B3,C5,Literature,A1,Government,B2,Further Mathematics,D7,3.6,Law,200,ALTERNATIVE_COURSE
Aisha Okonkwo,202508490793FG,225,C4,E8,Mathematics,C6,Physics,B3,Further Mathematics,C6,2.8,Computer Science,180,ALTERNATIVE_COURSE
Ibrahim Okafor,202561537012FG,229,D7,E8,Biology,B3,Chemistry,C5,Further Mathematics,B2,2.8,Medicine,220,REJECTED
Fatima Abubakar,202514488112CF,225,C5,C5,Biology,C4,Chemistry,D7,Further Mathematics,B2,3.0,Anatomy,200,ALTERNATIVE_COURSE
Fatima Adeyemi,202575188781HJ,232,E8,A1,Mathematics,C6,Physics,C6,Further Mathematics,B3,3.2,Computer Science,180,ALTERNATIVE_COURSE
Aisha Eze,202509112252EG,256,C6,B3,Literature,A1,Government,B2,Further Mathematics,C6,3.8,Law,200,QUALIFIED
Adaeze Adeyemi,202586323979CF,216,F9,C6,Mathematics,B3,Economics,B3,Further Mathematics,B3,3.0,Accounting,170,ALTERNATIVE_COURSE
Victor Ogundele,202553007309FG,234,C6,E8,Biology,C6,Chemistry,C4,Further Mathematics,C4,2.6,Nursing,180,ALTERNATIVE_COURSE
Victor Olawale,202571219881EG,206,F9,E8,Mathematics,C5,Physics,C4,Further Mathematics,C6,2.0,Computer Science,180,REJECTED
Blessing Anyanwu,202553486401CF,260,C4,F9,Mathematics,C5,Economics,B3,Further Mathematics,C5,2.6,Accounting,170,ALTERNATIVE_COURSE
Daniel Abubakar,202561851744HJ,186,C5,F9,Literature,C5,Government,C6,Further Mathematics,F9,1.8,Law,200,REJECTED
Kelvin Adeleke,202591511455CF,273,A1,B3,Mathematics,B2,Physics,A1,Further Mathematics,B2,4.4,Computer Science,180,QUALIFIED
Aisha Anyanwu,202581898484CF,208,C4,C4,Biology,A1,Chemistry,A1,Further Mathematics,B3,4.0,Anatomy,200,QUALIFIED
Daniel Musa,202502119017CF,159,C6,A1,Economics,D7,Commerce,C4,Further Mathematics,C5,3.2,Business Admin,170,REJECTED
Grace Adeyemi,202552291073EG,214,C6,C4,Mathematics,B2,Economics,B2,Further Mathematics,E8,3.0,Accounting,170,ALTERNATIVE_COURSE
Kelvin Nzekwe,202549378306EG,186,C5,C6,Biology,C5,Chemistry,B2,Further Mathematics,C4,3.2,Anatomy,200,BORDERLINE
Peter Eze,202543916497CF,239,B2,C4,Economics,B3,Commerce,C4,Further Mathematics,C4,3.4,Business Admin,170,QUALIFIED
Peter Adeyemi,202532033016EG,187,C4,B2,Biology,B3,Chemistry,B2,Further Mathematics,B2,3.8,Medicine,220,BORDERLINE
Emmanuel Okonkwo,202515372215FG,194,B3,B2,Biology,A1,Chemistry,B2,Further Mathematics,B2,4.2,Nursing,180,QUALIFIED
Oluwaseun Bello,202565337746CF,143,B3,C4,Economics,B3,Commerce,C5,Further Mathematics,D7,3.2,Business Admin,170,REJECTED
Tunde Chukwu,202543614244EG,194,A1,C4,Literature,A1,Government,D7,Further Mathematics,A1,4.0,Law,200,ALTERNATIVE_COURSE
Josephine Ogundele,202537347642HJ,125,C6,C4,Economics,C6,Commerce,A1,Further Mathematics,C4,3.4,Business Admin,170,REJECTED
Aisha Chukwu,202521458414FG,154,C4,B2,Biology,C6,Chemistry,C5,Further Mathematics,B3,3.4,Nursing,180,REJECTED
Grace Anyanwu,202589982780EG,236,A1,C4,Economics,D7,Commerce,B2,Further Mathematics,B3,3.6,Business Admin,170,ALTERNATIVE_COURSE
Ibrahim Nwosu,202514644936FG,237,B3,C5,Mathematics,C4,Physics,C4,Further Mathematics,A1,3.6,Computer Science,180,QUALIFIED
Ngozi Ibrahim,202538573680CF,224,B3,C5,Biology,D7,Chemistry,B3,Further Mathematics,D7,3.0,Medicine,220,REJECTED
Aisha Musa,202511872333FG,176,C4,B2,Biology,C4,Chemistry,A1,Further Mathematics,C4,3.6,Medicine,220,REJECTED
Peter Nzekwe,202573153911FG,208,A1,A1,Biology,C4,Chemistry,B2,Further Mathematics,B3,4.2,Medicine,220,BORDERLINE
Emmanuel Nzekwe,202573651189EG,209,A1,C5,Biology,C4,Chemistry,C5,Further Mathematics,C5,3.4,Nursing,180,QUALIFIED
Fatima Okafor,202519043223CF,169,A1,C5,Literature,E8,Government,C6,Further Mathematics,C4,3.0,Law,200,REJECTED
Grace Adeleke,202520135462CF,262,B2,B2,Biology,B2,Chemistry,C4,Further Mathematics,C5,3.6,Anatomy,200,QUALIFIED
Adaeze Adeyemi,202512312616EG,240,C4,A1,Biology,B3,Chemistry,C4,Further Mathematics,C5,3.6,Anatomy,200,QUALIFIED
Peter Nzekwe,202595729893HJ,202,B3,C4,Biology,C4,Chemistry,C5,Further Mathematics,E8,2.8,Anatomy,200,ALTERNATIVE_COURSE
Emmanuel Bello,202564687191EG,210,B2,C6,Economics,C4,Commerce,B3,Further Mathematics,C5,3.4,Business Admin,170,QUALIFIED
Peter Musa,202520828323CF,217,B2,C5,Mathematics,E8,Physics,B2,Further Mathematics,C4,3.0,Computer Science,180,ALTERNATIVE_COURSE
Victor Chukwu,202522067323CF,138,B2,C4,Biology,B3,Chemistry,C4,Further Mathematics,B3,3.6,Medicine,220,REJECTED
Victor Ibrahim,202524500000CF,201,C5,A1,Biology,C5,Chemistry,C4,Further Mathematics,C5,3.4,Anatomy,200,QUALIFIED
Ibrahim Ibrahim,202517850902FG,186,B3,C6,Biology,C6,Chemistry,C4,Further Mathematics,A1,3.6,Medicine,220,BORDERLINE
Daniel Nwosu,202518299874HJ,174,B3,B2,Mathematics,D7,Physics,C5,Further Mathematics,C6,3.2,Information Technology,170,REJECTED
Solomon Ibrahim,202508670090CF,200,B2,C6,Biology,B3,Chemistry,C5,Further Mathematics,A1,3.8,Medicine,220,BORDERLINE
Daniel Chukwu,202526691362FG,272,D7,B3,Literature,C5,Government,A1,Further Mathematics,C5,3.4,Law,200,ALTERNATIVE_COURSE
Peter Okonkwo,202508070633HJ,232,F9,B3,Biology,A1,Chemistry,B3,Further Mathematics,B2,3.4,Nursing,180,ALTERNATIVE_COURSE
Kelvin Nwosu,202521040164CF,190,C5,C6,Mathematics,A1,Economics,C5,Further Mathematics,C5,3.4,Accounting,170,QUALIFIED
Chioma Ibrahim,202538363816FG,230,B3,C5,Mathematics,E8,Physics,C5,Further Mathematics,C4,2.8,Computer Science,180,ALTERNATIVE_COURSE
